x	y	tot_dep-mol~ha~y
-13625	716559	16.403
-12679	703413	16.815
-12290	700436	16.897
-12027	695458	17.056
-11789	720123	16.305
-11751	690473	17.23
-11473	685496	17.389
-11188	680535	17.575
-10893	724690	16.191
-10885	675621	17.788
-10543	670662	16.959
-10083	665526	17.187
-9853	719931	16.287
-8758	723288	16.204
-8325	702221	16.81
-8304	672887	16.865
-8304	677887	17.662
-8304	682887	17.459
-8304	687887	17.279
-8304	692887	17.109
-8304	697887	16.943
-8221	667893	17.08
-8099	727808	16.104
-7972	662945	17.281
-7675	654994	17.584
-7639	657982	17.467
-7328	732560	16.016
-6444	737142	15.987
-4987	726348	16.116
-4038	703250	16.76
-3974	660387	17.362
-3974	665387	17.161
-3974	670387	16.946
-3974	675387	17.746
-3974	680387	17.532
-3974	685387	17.338
-3974	690387	17.156
-3974	695387	16.989
-3974	700387	16.841
-3974	730387	16.033
-3974	735387	15.948
-3947	656007	17.534
-3716	740305	15.88
-3117	745178	15.84
-2454	749971	15.799
-1693	754909	15.966
-1291	729422	16.04
41	733157	15.955
331	702076	16.776
356	657887	17.452
356	662887	17.245
356	667887	17.037
356	672887	16.845
356	677887	17.622
356	682887	17.416
356	687887	17.229
356	692887	17.06
356	697887	16.897
356	737887	15.864
356	742887	15.809
356	747887	15.738
357	752887	15.7
431	654767	17.578
731	757769	15.807
1369	762644	15.425
1739	393617	34.205
1788	395449	34.049
2050	767368	15.198
2957	772655	15.066
3854	736202	15.877
4610	703102	16.745
4686	660387	17.319
4686	665387	17.114
4686	670387	16.924
4686	675387	17.703
4686	680387	17.501
4686	685387	17.306
4686	690387	17.13
4686	695387	16.961
4686	700387	16.814
4686	740387	15.798
4686	745387	15.708
4686	750387	15.628
4686	755387	15.539
4686	760387	15.44
4686	765387	15.269
4703	655817	17.516
4736	770381	15.119
4829	395187	33.381
5229	775224	14.989
5252	391155	33.68
5898	780094	14.851
6076	398315	32.844
6587	784792	14.746
7490	739197	15.814
8258	397105	32.417
8836	743046	15.727
8982	701934	16.769
9017	392887	32.41
9017	657887	17.401
9017	662887	17.203
9017	667887	17.014
9017	672887	16.834
9017	677887	17.592
9017	682887	17.404
9017	687887	17.23
9017	692887	17.056
9017	697887	16.889
9017	747887	15.628
9017	752887	15.538
9017	757887	15.443
9017	762887	15.331
9017	767887	15.19
9017	772887	15.05
9017	777887	14.926
9017	782887	14.804
9083	654534	17.543
9181	787844	14.717
9439	388410	32.824
9753	792686	14.777
9920	398644	31.926
10368	401463	31.52
10446	797499	14.683
11165	383841	32.472
11196	802308	14.541
12671	746041	15.664
13114	394093	31.092
13175	702963	16.745
13347	385387	31.143
13347	390387	31.039
13347	400387	30.901
13347	660387	17.282
13347	665387	17.106
13347	670387	16.918
13347	675387	17.686
13347	680387	17.498
13347	685387	17.316
13347	690387	17.142
13347	695387	16.971
13347	700387	16.82
13347	750387	15.574
13347	755387	15.477
13347	760387	15.384
13347	765387	15.264
13347	770387	15.133
13347	775387	15.014
13347	780387	14.894
13347	785387	14.788
13347	790387	14.696
13347	795387	14.624
13347	800387	14.541
13357	655652	17.462
13505	396267	30.942
13650	381070	30.102
13690	805277	14.468
14115	377876	36.644
14230	404300	30.624
14334	810143	14.484
14673	377099	36.118
14704	378110	29.27
14841	375339	41.597
15028	377977	41.75
15028	814864	14.543
15206	379836	29.108
15584	383578	29.929
15953	820155	14.426
16337	749049	15.608
16397	388266	29.935
17107	392827	29.881
17180	657902	17.366
17245	662902	17.188
17257	654361	17.495
17309	667900	17.008
17369	672897	16.836
17424	677894	17.589
17475	379724	34.447
17481	682893	17.414
17538	687890	17.235
17586	692888	17.067
17612	701776	16.799
17621	752950	15.526
17625	697887	16.908
17675	397888	29.815
17677	395108	29.802
17677	402887	29.887
17677	757887	15.44
17677	762887	15.334
17677	767887	15.213
17677	772887	15.088
17677	777887	14.977
17677	782887	14.865
17677	787887	14.761
17677	792887	14.67
17677	797887	14.578
17677	802887	14.507
17677	807887	14.429
17677	812887	14.382
17726	817881	14.346
17869	382823	28.976
18195	407429	29.838
18231	822719	14.298
18544	387630	29.244
18902	827592	14.409
19186	670392	16.915
19208	410811	29.738
19271	675398	17.693
19331	392307	29.256
19357	680408	17.502
19436	394843	34.208
19470	685422	17.327
19583	690434	17.159
19588	832293	14.336
19696	695445	16.991
19809	700455	16.838
20291	393622	35.804
20530	752740	15.545
20554	397117	30.09
21473	755873	15.488
21503	381457	27.761
21713	390085	28.499
21932	400503	28.911
22007	385387	28.154
22007	405387	29.056
22007	760387	15.406
22007	765387	15.299
22007	770387	15.183
22007	775387	15.068
22007	780387	14.953
22007	785387	14.844
22007	790387	14.742
22007	795387	14.649
22007	800387	14.564
22007	805387	14.479
22007	810387	14.403
22007	815387	14.338
22007	820387	14.286
22007	825387	14.233
22007	830387	14.201
22028	410359	29.199
22365	834942	14.135
23239	372035	41.335
23263	414250	29.077
24197	399263	41.363
24359	372144	35.977
25090	400050	31.133
25205	758919	15.459
25331	386908	27.471
25702	399767	46.481
26268	403006	28.182
26335	762890	15.379
26337	407887	28.396
26337	412887	28.5
26337	767887	15.275
26337	772887	15.162
26337	777887	15.043
26337	782887	14.928
26337	787887	14.838
26337	792887	14.733
26337	797887	14.636
26337	802887	14.544
26337	807887	14.461
26337	812887	14.383
26337	817887	14.316
26337	822887	14.25
26337	827887	14.192
26337	832887	14.132
26403	383195	26.91
26530	837631	14.061
26979	417269	28.409
27504	400902	45.144
27713	840657	14.022
29063	762192	15.421
30101	401277	41.589
30274	765728	15.353
30638	384134	26.125
30667	405387	27.521
30667	410387	27.661
30667	415387	27.684
30667	770387	15.253
30667	775387	15.14
30667	780387	15.042
30667	785387	14.928
30667	790387	14.826
30667	795387	14.725
30667	800387	14.624
30667	805387	14.538
30667	810387	14.46
30667	815387	14.383
30667	820387	14.308
30667	825387	14.246
30667	830387	14.179
30667	835387	14.106
30742	840276	14.039
30833	420218	27.591
30899	380739	25.685
30905	402310	28.22
31961	843490	13.998
32080	423626	27.311
33117	401230	29.1
33166	399584	30.584
33229	400389	27.376
33848	400874	27.251
34068	768787	15.318
34608	403458	26.717
34743	386048	33.513
34870	412876	26.9
34997	382887	25.228
34997	407887	26.777
34997	417887	26.881
34997	772887	15.254
34997	777887	15.142
34997	782887	15.031
34997	787887	14.922
34997	792887	14.825
34997	797887	14.728
34997	802887	14.633
34997	807887	14.549
34997	812887	14.468
34997	817887	14.399
34997	822887	14.328
34997	827887	14.254
34997	832887	14.184
34997	837887	14.115
35000	422883	26.853
35010	842866	14.043
35182	378670	24.676
35388	398253	27.903
36074	426389	26.65
36196	846311	14.004
37072	394212	29.229
37326	403144	26.291
37332	413092	37.238
37718	771805	15.31
37759	406681	28.216
37821	384020	26.099
38142	409556	26.231
38177	416755	34.102
38643	411983	55.253
38704	395155	39.605
39072	775606	15.235
39233	380192	24.226
39327	420387	26.189
39327	425387	26.169
39327	780387	15.132
39327	785387	15.021
39327	790387	14.919
39327	795387	14.823
39327	800387	14.732
39327	805387	14.644
39327	810387	14.567
39327	815387	14.488
39327	820387	14.415
39327	825387	14.345
39327	830387	14.279
39327	835387	14.205
39327	840387	14.134
39327	845387	14.066
39518	415071	37.894
39598	402332	25.764
39671	376182	23.734
39917	404948	25.834
40251	428925	26.017
40323	849023	14.028
40767	409513	25.72
41136	413404	43.01
42569	380976	23.986
42891	417355	38.622
42896	778633	15.217
43374	396621	28.914
43502	403691	25.141
43539	419125	25.478
43555	377751	23.373
43658	407887	25.231
43658	422887	25.514
43658	427887	25.547
43658	782887	15.13
43658	787887	15.026
43658	792887	14.925
43658	797887	14.839
43658	802887	14.745
43658	807887	14.666
43658	812887	14.587
43658	817887	14.508
43658	822887	14.438
43658	827887	14.373
43658	832887	14.299
43658	837887	14.224
43658	842887	14.157
43658	847887	14.093
44055	374730	23.808
44505	411774	25.131
44544	432149	25.427
44982	360715	28.347
45019	359734	28.36
45274	360316	28.358
46539	781629	15.203
46661	417879	35.446
46725	417934	35.431
47228	849425	14.154
47368	420980	24.896
47511	413408	28.936
47683	396545	28.251
47726	425409	24.938
47840	410197	24.613
47864	785502	15.142
47982	375478	22.565
47988	405388	24.468
47988	430387	24.926
47988	790387	15.04
47988	795387	14.953
47988	800387	14.869
47988	805387	14.784
47988	810387	14.702
47988	815387	14.623
47988	820387	14.551
47988	825387	14.483
47988	830387	14.403
47988	835387	14.331
47988	840387	14.272
47988	845387	14.216
48146	435275	24.906
48359	378712	22.82
48815	417836	35.447
49091	419267	33.648
49320	402034	25.954
49353	439160	24.726
49786	422909	24.832
49808	425182	30.667
49918	396260	28.801
51003	374883	29.569
51059	407374	29.044
51226	846610	14.363
51374	424331	32.872
51705	788468	15.143
52066	428656	24.266
52318	402887	23.681
52318	432887	24.313
52318	437887	24.301
52318	792887	15.07
52318	797887	14.983
52318	802887	14.904
52318	807887	14.823
52318	812887	14.746
52318	817887	14.67
52318	822887	14.591
52318	827887	14.518
52318	832887	14.444
52318	837887	14.388
52318	842887	14.344
52341	377863	22.232
52554	426737	34.844
52634	418750	24.034
52658	422258	24.268
52679	397983	23.398
53068	442005	24.203
53467	385546	26.764
53606	382504	22.416
54315	393461	32.011
54679	428048	24.212
54962	392252	31.212
55153	376872	25.459
55254	843713	14.461
55397	791491	15.152
55648	427423	30.255
55997	440192	23.833
56071	404117	33.43
56314	380874	24.053
56393	400383	23.011
56472	384645	22.266
56496	430888	23.675
56555	840267	14.528
56625	795417	15.111
56642	428230	31.052
56648	420387	23.533
56648	435386	23.735
56648	800387	15.031
56648	805387	14.955
56648	810387	14.869
56648	815387	14.793
56648	820387	14.715
56648	825387	14.642
56648	830387	14.568
56648	835387	14.509
56708	395801	22.777
56786	423861	23.503
56863	444977	23.649
57321	428995	33.74
57618	416540	27.136
57915	373180	27.062
58575	389601	27.733
59083	410747	31.108
59445	795001	15.179
59491	373286	26.932
59544	840535	14.61
59975	389592	27.258
60007	390720	27.788
60038	427966	34.873
60097	422295	31.014
60112	378875	27.537
60167	445885	23.599
60188	397044	23.36
60196	428948	28.004
60406	382196	21.617
60506	798306	15.142
60588	432729	23.173
60642	837506	14.579
60719	403397	22.532
60846	417851	23.149
60978	802887	15.075
60978	807887	14.998
60978	812887	14.923
60978	817887	14.842
60978	822887	14.771
60978	827887	14.689
60978	832887	14.624
61068	436730	23.157
61180	445253	23.439
61367	413229	22.776
61378	393467	22.104
61907	378441	21.21
61944	429192	22.931
61952	406509	28.981
62282	426981	32.79
62345	425093	29.555
62495	434882	41.99
62544	433641	41.026
62558	445203	23.22
62989	437818	23.494
63002	435322	40.699
63109	388494	21.59
63304	436731	37.295
63357	430138	24.72
64270	801364	15.181
64290	430333	35.423
64332	436276	42.336
64416	428368	25.124
64547	429921	34.67
64731	834660	14.693
64784	413875	22.343
64953	379422	20.987
65024	393910	23.269
65240	404958	22.025
65308	805387	15.143
65308	810387	15.063
65308	815387	14.99
65308	820387	14.907
65308	825387	14.826
65308	830387	14.757
65311	390386	21.513
65331	411491	22.472
65394	425966	22.457
65581	438099	24.873
65714	427764	25.452
65777	376104	20.698
65993	386153	21.238
66808	402366	27.102
66809	409312	22.033
67625	445239	29.533
67990	804469	15.227
68496	412215	21.86
68747	410432	25.388
68789	831823	14.825
69013	392088	21.201
69184	408269	22.094
69306	808172	15.194
69323	426061	27.463
69366	447428	27.698
69395	384360	20.816
69404	402725	21.756
69638	387887	20.991
69638	812887	15.133
69638	817887	15.063
69638	822887	14.983
69638	827887	14.907
69658	373572	20.641
69692	377614	20.438
70003	423619	21.821
70368	444060	29.977
70582	410897	21.574
71270	408726	23.65
71272	391732	23.691
72002	406232	22.953
72193	372745	28.003
72270	443570	32.554
72655	389263	20.758
72752	829018	14.98
72833	385642	20.618
73023	372530	28.252
73115	811221	15.248
73122	379046	23.216
73191	375793	20.499
73352	451576	33.297
73374	409303	23.726
73513	373437	27.808
73546	423866	21.482
73901	390787	20.957
73959	825372	15.086
73968	815387	15.225
73968	820387	15.162
74192	406120	21.05
74370	387115	21.171
74386	453366	29.276
74505	421002	21.362
75232	388714	20.484
75648	385863	23.724
76009	454863	36.246
76633	422270	25.227
76751	814219	15.318
76870	454736	36.104
76892	826003	15.24
77316	386850	20.182
77317	456124	33.258
77450	405080	28.022
77564	423488	27.741
77572	384642	25.324
77889	604879	18.623
78102	818059	15.331
78135	822696	15.283
78263	407073	21.031
78364	417802	24.921
78848	607888	18.54
78888	612877	18.415
78925	617877	18.309
78962	622877	18.214
78998	627877	18.118
79035	632877	18.034
79072	637876	17.948
79109	642876	17.862
79321	415037	20.739
79422	646729	17.796
79823	385182	28.902
80174	459217	31.247
80224	386935	31.843
81416	607184	18.517
81430	820584	15.587
81712	418342	24.107
81956	389204	35.149
82009	407225	20.267
82069	380169	30.557
82596	610440	18.431
82606	460578	37.742
82629	415451	20.885
82629	615387	18.316
82629	620387	18.227
82629	625387	18.138
82629	630387	18.053
82629	635387	17.971
82629	640387	17.893
82629	645387	17.817
82824	386021	37.491
82936	412969	27.204
83035	380362	29.089
83368	649297	17.757
83539	375887	31.437
83621	409942	23.975
83756	429761	26.675
84065	380454	30.815
84284	464199	30.535
84771	376904	35.286
85086	381485	31.756
85096	387263	33.771
85119	382501	26.929
85172	374573	32.138
85297	409278	21.297
85515	411854	20.079
85651	463642	31.41
85671	609912	18.404
85722	414179	20.142
85749	416067	23.261
86249	377843	34.488
86826	466610	28.431
86872	613020	18.322
86959	617887	18.227
86959	622887	18.142
86959	627887	18.065
86959	632887	17.986
86959	637887	17.913
86959	642887	17.845
86959	647887	17.779
87227	375381	28.248
87241	428475	27.358
87576	651972	17.722
87989	470022	21.639
88001	413658	19.878
88422	375411	30.856
88620	471247	24.339
89026	471234	29.694
89926	612641	18.299
90514	428198	28.006
90925	413629	19.589
91120	615628	18.227
91248	427474	26.033
91289	620387	18.149
91289	625387	18.068
91289	630387	18.003
91289	635387	17.934
91289	640387	17.869
91289	645387	17.811
91289	650387	17.753
91542	414394	23.467
91600	476170	28.954
91791	654648	17.702
91893	411815	22.058
93125	479472	28.328
93408	420452	25.804
94181	615369	18.201
94947	479328	30.193
95085	421220	23.446
95279	427268	26.107
95354	618263	18.141
95419	412093	21.384
95619	622887	18.079
95619	627887	18.016
95619	632887	17.954
95619	637887	17.897
95619	642887	17.838
95619	647887	17.791
95619	652887	17.734
95624	418795	23.342
95963	413478	27.141
96009	657325	17.695
96057	482684	27.466
96680	486288	27.382
96950	413441	28.003
97304	519001	19.176
97429	458809	24.078
98163	458872	23.606
98281	481759	29.814
98345	522746	19.074
98362	492736	25.194
98459	532892	18.988
99106	414063	25.448
99225	485249	37.351
99413	412418	19.273
99591	620913	18.074
99843	490439	29.42
99949	625387	18.019
99949	630387	17.968
99949	635387	17.921
99949	640387	17.87
99949	645387	17.817
99949	650387	17.772
99949	655387	17.787
99995	520553	19.018
100229	660001	17.744
100356	535342	18.875
100400	494650	29.686
100439	530468	18.894
100457	525309	18.937
100615	413726	18.689
100682	540289	18.841
100955	545306	18.784
101169	550305	18.738
101225	501542	29.495
101388	662904	17.724
101466	555040	18.693
101554	487860	32.356
101918	504914	24.039
102152	559866	18.605
102503	414087	18.613
102522	493475	36.044
102557	510269	23.375
102818	519199	18.879
102907	496015	33.523
103025	523031	18.847
103196	503706	36.784
103379	528040	18.726
103734	507851	32.237
103828	623564	18.025
103904	512288	28.603
104026	532994	18.66
104151	432664	21.202
104279	537887	18.66
104279	542887	18.649
104279	547887	18.632
104279	552887	18.609
104279	557887	18.558
104279	627887	17.982
104279	632887	17.933
104279	637887	17.897
104279	642887	17.856
104279	647887	17.873
104279	652887	17.826
104279	657887	17.781
104444	662657	17.741
104539	414741	18.561
104589	562803	18.502
104606	517913	28.049
105028	520910	32.569
105181	567613	18.449
105194	526002	28.639
105243	416985	28.779
105371	523189	31.447
105638	665679	17.723
105704	528398	22.835
106072	571964	18.4
106529	532697	27.068
106571	529678	22.454
106702	535992	18.558
106772	532166	27.061
107051	524382	35.681
107072	534120	27.886
107102	520779	35.674
107386	540689	18.502
107596	522280	38.804
107909	545474	18.499
108051	560434	18.407
108062	626215	17.989
108104	536292	28.782
108126	550463	18.471
108207	555358	18.463
108317	538176	28.033
108509	565418	18.366
108514	416137	21.187
108609	570387	18.339
108609	630387	17.951
108609	635387	17.914
108609	640387	17.929
108609	645387	17.902
108609	650387	17.866
108609	655387	17.817
108609	660387	17.782
108681	665278	17.725
109144	575055	18.319
109153	540823	24.634
109697	545207	21.799
109888	668455	17.713
109990	419247	23.945
110072	562904	32.246
110090	547896	25.245
110109	552879	21.926
110137	557508	24.616
110250	552295	21.927
110267	550144	29.463
110305	560246	24.291
110385	579206	18.275
110529	555403	18.437
110723	424542	27.048
110860	564684	22.222
111028	563305	38.449
111052	551551	29.355
111403	450514	19.361
111591	557873	23.824
111723	568621	18.297
111914	563776	38.395
111978	451377	18.564
112294	628865	17.966
112410	433259	21.159
112664	459381	21.117
112822	554121	18.19
112863	566350	31.113
112871	422822	19.789
112871	572945	18.216
112901	417979	22.314
112940	577887	18.214
112940	632887	17.992
112940	637887	17.957
112940	642887	17.925
112940	647887	17.896
112940	652887	17.86
112940	657887	17.825
112940	662887	17.759
112957	667858	17.716
113112	448685	21.99
113128	568037	30.876
113284	556653	19.326
113476	414582	21.541
113620	497619	25.574
113701	495024	23.058
113701	582284	18.204
113729	500507	25.158
114138	671230	17.7
114198	461869	22.339
114308	425422	23.802
114655	396429	28.599
114748	571340	21.288
114768	495255	23.051
114844	503519	24.774
115062	508513	22.057
115064	499615	25.111
115182	502975	21.483
115248	396070	25.023
115731	548007	22.42
115788	571234	24.912
115803	460949	22.313
116126	567889	22.923
116246	461884	22.092
116372	510059	22.614
116441	576072	18.18
116521	631516	18.012
116542	566661	22.654
116947	580478	18.14
116978	504638	21.775
117046	499005	22.124
117094	415650	25.236
117158	424527	22.254
117226	418907	25.41
117235	503616	21.643
117270	555387	18.146
117270	635387	17.985
117270	640387	17.96
117270	645387	17.931
117270	650387	17.893
117270	655387	17.859
117270	660387	17.8
117270	665387	17.754
117270	670387	17.721
117375	585294	18.128
117398	550364	18.156
117466	463654	20.315
117588	501664	23.843
117738	574576	22.729
117926	559377	18.058
118160	546790	18.103
118316	673937	19.148
118655	589137	18.106
118689	498015	24.942
118713	497414	23.13
118794	418720	22.958
118826	509826	21.611
118968	573222	24.487
118969	496129	21.979
118989	416431	23.956
119025	577681	21.113
119064	579881	18.114
119223	463536	22.987
119450	577379	21.116
119516	576940	25.842
119622	509230	22.551
119636	422789	22.382
119684	563622	22.125
119734	502720	21.953
120141	425528	21.6
120165	418273	24.494
120402	511535	21.603
120532	564228	21.474
120533	497664	22.762
120625	503139	21.92
120739	634166	18.012
121073	421827	23.027
121117	583670	18.112
121129	545098	18.053
121315	496480	22.461
121598	547890	18.046
121600	552887	18.057
121600	557887	18.047
121600	587887	18.063
121600	637887	18.003
121600	642887	17.975
121600	647887	17.939
121600	652887	17.892
121600	657887	17.835
121600	662887	17.793
121600	667887	17.74
121600	672887	17.74
121646	494847	23.287
121727	568153	22.203
121757	578007	18.022
121907	497604	22.807
121984	562680	17.96
122297	581756	18.027
122352	592041	18.057
122484	676609	19.229
122488	439780	20.751
122850	573285	19.132
123043	440390	20.564
123072	567833	17.887
123384	494472	23.831
123385	473738	21.754
123876	474537	23.342
124610	547037	17.934
124780	586281	18.03
124941	636817	18.038
124944	495137	21.284
125399	417701	22.658
125541	418173	22.117
125785	550605	17.953
125930	555387	17.98
125930	560387	17.979
125930	565387	17.956
125930	570387	17.936
125930	575387	17.956
125930	580387	17.971
125930	590387	18.014
125930	640387	18.023
125930	645387	17.977
125930	650387	17.933
125930	655387	17.889
125930	660387	17.85
125930	665387	17.792
125930	670387	17.778
125930	675387	19.302
126247	441689	20.764
126341	594874	18.007
126347	586074	24.546
126630	584440	20.111
126679	679283	19.321
127223	410700	22.006
127543	487185	20.713
127600	440368	21.639
127747	505477	21.685
128119	429678	22.743
128161	440488	22.598
128186	443022	20.478
128281	438333	21.783
128531	441406	24.504
128621	425725	21.437
129127	639477	18.049
129161	589560	20.819
129413	425512	19.836
129579	389600	24.441
129761	411032	21.017
129902	550103	17.754
130088	588699	29.747
130114	429884	21.73
130170	410271	21.097
130182	506965	22.01
130210	391340	21.419
130255	642896	18.023
130256	552898	17.892
130258	592891	17.96
130260	557887	17.943
130260	562887	17.939
130260	567887	17.947
130260	572887	17.947
130260	577887	17.947
130260	582887	17.95
130260	647887	17.987
130260	652887	17.945
130260	657887	17.89
130260	662887	17.846
130260	667887	17.812
130260	672887	17.791
130260	677887	19.394
130415	419476	24.918
130480	597576	17.976
130616	424659	20.627
130678	586877	17.947
130887	681959	19.407
130994	488005	17.825
131095	504567	21.446
131238	471126	22.207
131280	516081	21.091
131356	513040	17.746
131467	484115	17.642
131557	463966	22.227
131623	590453	22.033
131669	600452	18.012
131738	490952	18.225
131763	471601	22.179
131814	467030	20.126
131816	469121	19.15
131915	508693	20.114
132023	494768	19.7
132116	476158	20.478
132168	431438	22.404
132283	496611	19.776
132332	497578	19.838
132430	407169	24.423
132485	504785	21.569
132637	548330	22.373
132660	425165	19.337
133228	590257	34.724
133300	551784	18.399
133335	591997	20.04
133374	642198	18.039
133604	495685	17.612
133661	590285	34.726
133777	465204	21.811
133803	431091	24.151
134192	475358	23.866
134353	470566	24
134531	595465	17.966
134549	485782	17.549
134555	645444	18.026
134564	555425	17.886
134567	514838	17.736
134590	510387	17.738
134590	560387	17.897
134590	565387	17.9
134590	570387	17.914
134590	575387	17.923
134590	580387	17.931
134590	585387	17.931
134590	650387	17.992
134590	655387	17.938
134590	660387	17.894
134590	665387	17.853
134590	670387	17.844
134590	675387	19.466
134590	680387	19.497
134630	462370	23.012
134633	490327	17.61
134715	406259	28.359
134753	600111	17.99
134828	462497	23.002
134862	505538	17.643
134909	550051	17.898
135051	483704	18.01
135089	408741	27.482
135101	684635	19.528
135137	500122	17.647
135181	386275	22.817
135189	590075	24.671
135267	545729	17.875
135315	387917	23.724
135390	495274	18.388
135411	465503	21.225
135603	472499	24.203
135690	479166	23.585
135962	477120	23.437
135969	482738	21.816
135987	602952	17.994
136033	553190	18.356
136040	474958	23.748
136045	593466	17.941
136239	462839	22.96
136346	434545	22.315
136401	541198	18.437
136597	535149	19.224
136660	432666	24.27
136774	482758	23.561
136819	467963	22.541
136960	530896	24.658
137188	464254	20.57
137194	466456	20.984
137266	477906	25.671
137433	483556	19.113
137472	595133	17.947
137478	554937	18.458
137628	644926	18.034
137630	488697	19.94
137777	436847	21.54
138092	378968	20.241
138183	476898	27.386
138489	598247	17.954
138519	395379	23.877
138658	558166	17.848
138701	403836	21.894
138704	407161	23.598
138829	648025	18.023
138914	492898	17.511
138920	502887	17.617
138920	507887	17.647
138920	542887	17.829
138920	547887	17.843
138920	562887	17.847
138920	567887	17.85
138920	572887	17.867
138920	577887	17.888
138920	582887	17.935
138920	587887	17.937
138920	652887	17.986
138920	657887	17.938
138920	662887	17.896
138920	667887	17.888
138920	672887	17.861
138920	677887	19.563
138920	682887	19.608
138931	592870	17.933
138947	512788	17.681
138952	537886	17.79
138955	532903	17.738
138971	552818	17.846
138975	497917	17.569
139087	602560	17.958
139319	687311	19.651
139375	529203	17.701
139610	382224	25.499
139611	396442	26.226
139818	596255	18.01
140240	515755	18.446
140286	556432	18.022
140331	480398	17.232
140400	479605	20.616
140458	390426	18.6
140490	410654	20.792
140503	390674	18.604
140732	388367	19.216
141046	597808	25.81
141554	402199	20.432
141883	647655	18.058
141908	408215	23.428
141968	406661	22.23
142172	492198	17.551
142261	597301	25.603
142589	480386	19.588
142598	601484	17.93
142651	650571	18.034
142705	561044	17.808
142722	381788	21.084
142770	655394	17.991
142800	660394	17.959
142831	491155	23.895
142831	665394	17.931
142861	670394	17.912
142891	675393	19.614
142920	680392	19.662
142948	685391	19.721
143008	396804	22.63
143221	531043	17.705
143224	689923	19.785
143241	495404	17.431
143250	500387	17.515
143250	505387	17.566
143250	510387	17.603
143250	535387	17.916
143250	540387	17.802
143250	545387	17.816
143250	550387	17.809
143250	555387	17.799
143250	565387	17.796
143250	570387	17.818
143250	575387	17.844
143250	580387	17.872
143250	585387	17.904
143250	590387	17.914
143319	595085	17.861
143349	515229	17.605
143488	604903	17.927
143686	599806	33.541
143799	410597	20.014
143842	599001	33.537
143981	398794	22.779
144230	559284	17.771
144376	383964	19.096
144559	376781	19.016
144708	672887	17.939
144748	677889	19.674
144789	682890	19.724
144829	687892	19.799
144869	692795	19.857
145016	399016	23.648
145162	519592	17.545
145359	396588	21.984
145510	425789	19.225
145594	598994	26.463
146048	386785	20.058
146255	599928	24.139
146359	494707	18.388
146492	410863	20.236
146541	395200	22.398
146733	563922	17.743
146786	397789	18.567
147022	383075	20.03
147413	603568	17.859
147537	497955	17.355
147558	426175	20.332
147581	502887	17.427
147581	507887	17.497
147581	512887	17.529
147581	517887	17.583
147581	532887	17.706
147581	537887	17.745
147581	542887	17.751
147581	547887	17.751
147581	552887	17.745
147581	557887	17.734
147581	567887	17.744
147581	572887	17.768
147581	577887	17.781
147581	582887	17.83
147581	587887	17.871
147581	592887	17.894
147651	379380	19.668
147741	521423	17.717
147754	597075	17.762
147844	601391	24.782
147852	396164	21.983
147862	607502	17.915
148066	409776	20.079
148182	562148	17.709
148295	424642	19.583
148489	528408	17.59
148521	493656	20.606
148923	495770	18.028
148968	424681	19.551
149007	610474	17.925
149212	601158	30.926
149500	409952	18.968
149536	477876	16.942
149802	523028	17.67
150464	382976	23.442
150479	382678	23.426
150508	602873	24.717
150575	497479	17.958
150689	478559	21.12
150812	425734	18.165
151330	601841	27.727
151362	566568	17.627
151549	519793	17.543
151563	563782	17.657
151594	545552	17.639
151605	602125	29.395
151623	476717	16.745
151744	492305	25.024
151780	500571	17.269
151838	560387	17.635
151876	605494	17.832
151910	540385	17.662
151911	505387	17.347
151911	510387	17.418
151911	515387	17.473
151911	530387	17.621
151911	535387	17.659
151911	550387	17.654
151911	555387	17.643
151911	570387	17.658
151911	575387	17.71
151911	580387	17.762
151911	585387	17.802
151911	590387	17.859
151911	595387	17.865
151960	495310	19.066
151965	525400	17.59
152047	610036	17.912
152101	602954	31.726
152222	366396	18.096
152554	599163	18.533
152658	603149	20.921
152691	424621	18.375
152736	521744	17.926
152962	441950	20.622
152988	368540	17.941
153087	443043	20.295
153170	498576	21.304
153325	375133	19.932
153411	565193	18.454
153885	444359	22.937
154178	557260	17.564
154401	560379	17.536
154495	424793	18.645
154507	568906	19.647
154545	566314	18.781
154556	562232	22.28
154899	541356	17.512
154931	493966	21.329
154966	552789	17.588
155069	500317	18.019
155079	562641	23.998
155105	548138	17.457
155140	517073	17.615
155278	573004	17.554
155364	558145	17.486
155428	497778	20.271
155690	604785	19.264
155694	578136	17.632
155793	428246	20.884
155836	603311	23.76
155850	503148	17.177
155873	500451	17.995
155939	427935	17.951
156055	442717	17.076
156165	507916	17.264
156182	512848	17.346
156237	537878	17.592
156241	522887	17.505
156241	527887	17.561
156241	532887	17.598
156241	582887	17.67
156241	587887	17.744
156241	592887	17.812
156241	597887	17.857
156241	607887	17.875
156323	553219	19.882
156389	444613	20.509
156508	612130	17.894
156521	365843	20.384
156781	364653	20.538
156961	601870	17.816
156963	518451	17.418
157169	376662	19.499
157201	373026	20.692
157379	472392	19.64
157810	431444	17.697
157905	444202	20.637
158063	445248	22.285
158238	544000	20.735
158249	514252	17.484
158529	507093	17.53
158565	366197	18.78
158936	581660	17.777
159075	431845	20.51
159119	510236	17.291
159293	444537	18.574
159615	369949	19.784
159657	472417	19.57
159768	506987	21.973
160078	606663	17.876
160316	539349	17.437
160459	585541	17.647
160527	444268	19.432
160571	515387	17.278
160571	520387	17.363
160571	525387	17.443
160571	530387	17.503
160571	535387	17.511
160571	590387	17.757
160571	595387	17.82
160571	600387	17.862
160571	610387	17.923
160664	545945	22.113
160827	604370	22.505
160935	614012	17.948
161055	473827	19.576
161103	433764	18.21
161280	605911	21.631
161294	510462	17.157
161534	548848	18.662
161658	377964	20.469
162037	475155	18.484
162382	370662	19.696
162441	375146	20.048
162660	555197	19.81
163247	508981	19.445
163498	585188	18.535
163548	474541	19.423
164015	549222	17.361
164035	606520	19.582
164071	475253	17.347
164072	372819	23.93
164282	377323	20.879
164309	442507	19.835
164376	375481	21.094
164385	556693	18.738
164425	588240	17.655
164509	374561	20.578
164525	368398	17.247
164574	552363	20.707
164762	537302	17.378
164832	512988	17.089
164901	517887	17.208
164901	522887	17.243
164901	527887	17.317
164901	532887	17.396
164901	592887	17.766
164901	597887	17.814
164901	602887	17.873
164901	612887	17.961
164928	608428	17.91
164947	434132	18.282
165236	477608	18.11
165236	605930	19.191
165309	615599	17.96
166452	485843	16.923
166457	483233	16.295
166559	369172	17.433
166814	550624	18.151
167192	369822	19.938
167584	481951	19.86
167980	525399	17.19
168005	520354	17.283
168173	530602	17.244
168533	512591	18.364
168589	591521	17.73
168590	446855	19.935
168632	607543	17.871
168768	484996	16.228
168937	439929	19.838
168964	605026	17.856
169042	359796	17.161
169150	535438	17.276
169199	434851	18.489
169231	515387	16.952
169231	595387	17.782
169231	600387	17.816
169231	610387	17.903
169255	614676	17.974
169774	539322	17.249
170040	379781	17.173
170093	377657	19.181
170543	439854	18.204
170553	606824	28.084
170568	553073	23.096
170684	607942	23.562
170860	476112	26.73
170879	551970	21.569
170904	377271	19.123
170908	360596	16.265
170989	378939	17.549
171113	552562	21.208
171210	364704	20.279
171304	360105	18.768
171367	470724	27.849
171554	480025	26.624
171687	516230	19.287
171767	455371	24.121
171798	439710	17.534
171913	358632	21.517
171918	514144	16.84
172114	359877	19.113
172149	380999	20.045
172259	360776	18.235
172273	378433	17.192
172370	363263	20.37
172494	540889	17.164
172515	538364	17.215
172846	439474	18.228
172910	367244	22.002
173307	607702	22.933
173323	593676	17.747
173329	378010	19.032
173444	434251	15.99
173541	488307	16.189
173543	472989	28.28
173556	602547	17.823
173561	597887	17.79
173561	612887	17.923
173584	615838	17.974
173670	609275	17.924
173785	477750	27.388
173811	366525	19.917
174153	456708	22.703
174217	482126	24.252
174278	314832	16.699
174319	441083	19.584
174344	453315	23.265
174346	468997	27.662
174385	512990	16.718
174471	557098	18.835
174492	315536	16.255
174739	367815	22.091
174873	490542	20.001
175040	555222	19.792
175085	314470	16.381
175494	447950	26.162
175810	442057	22.287
175820	321998	17.067
175835	555593	19.793
175886	433673	18.634
175972	316183	16.869
175987	315049	16.191
176088	308271	15.562
176135	320862	16.018
176365	369145	19.725
176496	367877	17.302
176771	313087	16.447
176777	442406	25.207
176822	310888	15.68
177110	433407	16.777
177394	433609	16.771
177493	490533	16.106
177661	441527	17.688
177701	513456	16.678
177718	480552	29.061
177826	445740	26.331
177845	470217	23.767
177849	511759	17.345
177864	614675	17.974
177871	475314	20.886
177891	600387	17.825
177891	610465	17.869
177899	595461	17.664
177899	608003	18.856
177915	607369	24.228
177947	454955	26.982
177953	450402	19.072
178114	325139	16.433
178164	604565	17.765
178300	432694	18.4
178555	484289	23.9
178562	465427	26.655
178689	557167	20.309
178914	560027	18.25
179013	330428	15.926
179050	432659	18.231
179121	462474	25.555
179256	592817	22.975
179958	311003	15.602
180012	432435	17.087
180056	324542	17.154
180309	315106	16.2
180344	324492	17.137
180382	316119	15.905
180416	328477	16.643
180460	442164	19.755
180547	320723	16.875
180551	315701	16.215
180653	315693	16.212
180653	594324	21.139
180822	313207	16.785
180826	327247	17.134
181013	333663	16.547
181644	337631	13.95
181897	320805	17.748
181982	493250	20.153
182084	609281	17.872
182126	432182	17.804
182147	482884	25.279
182147	598003	17.687
182171	448236	25.244
182196	510330	18
182198	615696	18.028
182222	602886	17.799
182222	612887	17.93
182225	452880	26.54
182267	561441	20.142
182272	462948	23.14
182274	558865	21.668
182286	317334	15.697
182325	512339	16.528
182341	467865	26.635
182407	607899	25.417
182544	319850	17.445
182555	477946	23.325
182556	443734	24.482
182567	605836	18.665
182585	316979	17.144
182619	510730	18.001
182688	486989	26.829
182764	510735	17.997
182873	458090	23.874
182891	472809	22.388
182949	486628	26.802
183171	319352	17.679
183269	315295	15.649
183279	342515	15.903
183426	364405	16.875
183583	365417	16.505
183756	309048	15.279
183879	372726	17.018
183903	315463	15.629
184052	496413	20.828
184500	309077	14.749
184539	363923	16.913
184619	347509	15.893
184671	496385	20.811
184979	345623	16.146
185002	510439	19.235
185189	371914	17.503
185328	513548	18.141
185391	597544	21.852
185565	430907	16.3
185621	607286	22.709
185821	317404	15.659
185904	374008	16.586
186003	318954	17.804
186087	319488	16.718
186157	500076	19.582
186255	450355	26.054
186269	510675	19.512
186338	446110	24.216
186424	600584	17.701
186468	507397	19.865
186499	460408	23.72
186500	470405	27.231
186504	455383	22.33
186512	608143	21.711
186525	610727	17.91
186543	465343	25.874
186552	475387	28.235
186603	480319	28.138
186606	485442	28.976
186626	614703	18.05
186660	605242	17.828
186715	510429	19.494
186818	583148	21.766
186885	608584	21.734
186909	390001	17.125
187048	489563	28.066
187065	504290	19.858
187280	582161	21.191
187434	505285	19.834
187536	543253	19.869
187555	350359	15.115
187571	328832	17.336
187664	514454	19.213
187887	316694	15.925
188076	383359	17.192
188139	541053	21.599
188266	380958	17.514
188467	310143	15.793
188557	570382	21.378
188688	325136	15.769
188691	559538	21.033
188852	430023	19.31
188967	582350	21.663
189229	608430	26.33
189624	541187	20.993
189860	559399	19.421
189960	538664	21.657
190010	600131	18.305
190014	468050	27.465
190185	429820	18.369
190244	316956	15.31
190295	482881	25.024
190393	375307	17.112
190414	477978	24.365
190469	326446	16.329
190602	382314	19.283
190612	560629	20.517
190638	472816	27.342
190760	323706	15.536
190787	378611	17.441
190857	462881	27.381
190873	602904	17.777
190881	609589	18.502
190882	612887	18.044
190884	487859	27.897
190907	514695	17.439
190917	448448	24.659
190929	572018	22.043
191032	457767	27.104
191049	569680	20.221
191052	431731	17.152
191103	308659	14.823
191137	312584	15.898
191158	607133	17.948
191169	616283	18.176
191215	453058	22.398
191237	507740	22.821
191385	492244	27.369
191453	533218	26.561
191592	515794	16.344
191622	507048	22.775
191751	535836	23.941
191970	343878	15.663
192166	417319	20.494
192560	441260	18.103
192878	362235	18.928
192917	379809	17.491
192928	529301	20.471
193030	480627	20.648
193040	475812	20.163
193050	413640	17.062
193393	522781	19.909
193415	464703	22.414
193484	570055	21.403
193546	438015	19.327
193579	413659	17.048
193596	472371	24.378
193679	416795	19.459
193795	439293	18.024
193812	314596	15.055
194016	323055	16.689
194122	522603	21.409
194152	362245	20.358
194354	530809	21.83
194564	441511	20.967
194586	502850	19.724
194699	486826	27.591
194720	419323	18.535
194734	362992	20.35
194758	534030	21.79
194775	602025	17.786
194794	504382	21.007
194809	502882	19.719
194817	516307	16.253
194910	309117	18.498
195012	611150	18.104
195105	490404	27.385
195106	504523	19.18
195124	319490	15.45
195164	460236	26.069
195179	321497	16.385
195212	605387	17.942
195220	450387	19.119
195226	615354	18.215
195237	524923	20.193
195240	455380	22.973
195246	447144	25.559
195248	430470	17.379
195290	427678	18.611
195433	494477	20.715
195582	608974	18.02
195619	307641	17.329
195658	528188	21.951
195682	344644	16.607
195854	436589	17.777
195946	518418	17.155
196251	617999	18.315
196259	525534	20.274
196488	562981	22.036
196532	562636	22.03
196611	563207	22.134
196652	444103	20.816
196668	408038	19.416
196907	521955	22.253
196982	444008	20.801
197012	354592	16.48
197071	482511	19.676
197083	532908	21.976
197102	443622	18.393
197124	325983	17.362
197259	531457	23.499
197272	351259	16.918
197360	318801	17.145
197383	517573	19.285
197396	516522	19.35
197522	488975	21.56
197549	435926	17.35
197638	531255	23.475
197754	395594	21.261
197978	307669	17.132
198115	461738	25.037
198259	326525	17.467
198289	503471	19.08
198363	395121	21.704
198593	396192	21.281
198615	324971	17.837
198682	351796	16.056
198721	526690	21.449
198755	456811	25.301
198899	411886	18.868
198962	562552	21.595
198967	493310	27.853
198989	517947	19.952
199072	444819	16.832
199088	496742	27.135
199113	448826	22.37
199149	436297	17.879
199281	502059	19.751
199299	407011	22.089
199351	561734	21.335
199421	361620	16.061
199451	432786	17.128
199474	522904	19.314
199498	613056	18.251
199505	603630	17.931
199538	452881	25.895
199540	435766	18.976
199542	607887	18.149
199715	617340	18.379
199749	516452	19.583
199817	360285	16.503
199880	435146	18.938
199930	560227	21.985
200108	610713	18.175
200163	347167	15.87
200182	519254	21.716
200317	526265	21.151
200672	525249	20.167
200735	446413	17.268
200781	403901	19.945
201410	495101	24.027
201505	499042	18.46
201823	516140	19.369
201844	513534	19.629
201991	487271	19.324
202060	454394	19.939
202183	450792	24.947
202189	514442	19.328
202301	360397	19.62
202360	499057	19.17
202501	403856	21.746
202557	525411	21.442
202887	496069	19.997
202947	447331	19.191
203043	529603	20.111
203061	431689	15.165
203081	434445	17.742
203135	486937	18.677
203194	435288	17.686
203276	521058	24.257
203402	485248	17.721
203414	431260	15.148
203460	612320	18.31
203502	509882	19.339
203506	350638	16.513
203526	609865	18.158
203598	525633	20.138
203617	495763	18.888
203670	602405	18.208
203702	480221	18.555
203726	446590	18.211
203839	400097	18.304
203843	353951	17.546
203872	605387	18.077
203872	615387	18.421
203922	479838	18.088
203997	529890	20.099
204049	518395	19.766
204075	619476	18.546
204212	506825	20.001
204249	515605	20.327
204406	522876	21.795
204684	457349	21.147
204691	460312	19.117
204879	449451	18.178
205085	476513	19.368
205153	489193	20.222
205304	396538	21.063
205312	610687	25.66
205455	490454	18.296
205595	351558	19.777
205739	601344	22.996
205774	492638	18.673
205953	564208	23.165
205989	595829	22.339
206037	522698	20.851
206197	491679	19.062
206255	458936	18.975
206321	504745	21.302
206360	453084	18.17
206446	432690	17.543
206509	505939	19.781
206560	609860	20.214
206572	505050	19.75
206712	460640	20.657
206874	449113	17.503
206891	396415	21.736
206933	563814	23.097
207325	429177	17.669
207347	504313	20.016
207448	352911	17.992
207518	453663	17.774
207850	601687	18.933
207910	611898	29.77
208122	613903	18.521
208125	472202	19.765
208126	604074	18.139
208170	355760	16.438
208202	617887	18.523
208213	620675	18.734
208221	607727	18.191
208357	597799	18.204
208656	594240	24.395
208858	467701	17.677
208902	467049	17.606
208966	470669	18.168
208990	393260	20.506
209290	457605	18.293
209567	611908	23.198
209654	462378	18.614
209750	542955	26.236
209762	464877	18.042
209766	470183	17.942
209936	465359	18.039
209961	470125	17.934
210065	386397	19.934
210196	383537	20.687
210316	465485	18.317
210441	458477	17.989
210477	459770	20.824
210554	391516	17.713
210761	611823	21.738
210919	456337	17.808
210972	393510	17.285
211113	599517	27.383
211170	458397	18.25
211338	385363	18.668
211382	457175	17.383
211400	612909	24.515
211769	612877	24.535
211992	595519	21.475
212268	382686	16.563
212526	615413	18.555
212536	619589	18.762
212543	610378	18.765
212545	605547	18.244
212692	545460	26.952
212826	535319	25.112
212841	548102	23.213
213284	553010	23.44
213295	542577	22.007
213350	612955	21.13
213794	532381	23.689
214203	551108	25.291
214338	566533	25.144
214346	533091	23.705
215189	594695	22.979
215311	537037	24.165
215339	550870	26.109
215613	567170	24.878
216531	614311	18.782
216863	607887	18.435
216863	617887	18.814
216873	603456	18.256
216885	620705	18.948
216994	547887	26.968
217007	543744	31.463
217038	612133	18.572
217044	551160	30.047
218046	548231	30.785
218503	486761	21.721
219204	537024	22.975
219358	486352	20.649
219580	557796	22.443
219772	542517	29.963
219846	602799	23.925
219978	549305	26.522
220025	545573	31.016
220151	548571	23.996
220335	616552	18.851
221134	605547	18.416
221183	619620	19.012
221193	610387	18.581
221626	535339	21.313
221670	614739	18.919
221863	559287	22.81
222139	482575	24.027
222319	532702	20.793
222396	556652	22.129
222538	542864	22.576
222801	544182	22.216
222853	484367	21.298
223056	496679	19.874
223330	499286	22.759
223452	576433	22.427
223641	544005	23.336
224039	545651	22.764
224262	554939	23.838
224537	620539	19.106
224791	480094	22.205
224815	534393	19.968
224840	498564	20.691
225011	483331	22.505
225055	486047	22.346
225166	604767	22.212
225188	557956	22.549
225319	619247	19.081
225523	607887	18.587
225523	612887	18.821
225634	617104	18.994
225684	537458	26.329
225684	577660	19.496
226394	563876	25.105
227018	502545	26.681
227055	535471	20.608
227687	559312	22.684
227828	484352	21.538
228079	539169	24.02
228503	577188	23.11
228611	578822	22.561
229336	501040	26.07
229428	459240	19.104
229561	504293	22.551
229781	606236	18.568
229801	552337	23.089
229853	610387	18.789
229853	615387	18.958
229973	619396	19.138
230088	618021	19.069
230544	553805	23.461
230670	476396	18.899
231094	487338	19.097
231123	488262	19.18
231924	553915	23.61
232330	477329	21.214
232361	488259	18.784
232709	505483	25.484
232811	502875	25.883
232811	605358	21.567
233216	620494	19.237
233456	619407	19.168
234113	608048	18.717
234183	612887	18.951
234387	617362	22.166
234562	552213	21.604
235585	532489	20.346
235770	619996	19.257
236664	557719	24.616
237105	536712	21.86
237202	532535	21.081
237225	556138	23.879
237225	618610	19.21
237400	607610	23.276
237765	534032	22.359
238162	615168	19.081
238400	619703	19.294
238484	610444	18.906
238486	552143	23.044
238637	578116	22.952
238768	569783	23.478
239316	560256	23.188
239619	576540	22.692
239905	565308	25.815
240143	616403	19.151
240836	544754	21.71
241086	445188	18.265
241146	500144	20.849
241180	497911	19.314
241249	543858	25.065
241528	563180	27.361
241969	545744	25.966
242037	576251	21.014
242084	498279	19.193
242089	565597	26.607
242170	558051	23.088
242186	500799	19.738
242221	444673	19.408
242258	617014	19.214
242300	611993	18.998
242343	445755	20.909
242364	572807	18.08
242474	570256	19.647
242528	609785	20.903
243465	613909	19.092
243607	554520	22.857
244375	555245	29.68
244568	439851	18.119
245184	440020	18.486
246425	614341	19.171
246937	610137	18.977
247694	611695	19.056
248375	436397	17.534
249071	460509	18.459
250268	611707	19.066
250325	553779	22.81
250656	460104	16.666
250939	463058	18.556
251003	442645	17.365
251952	608802	21.837
252276	609474	18.983
252510	465491	19.004
252908	496934	18.78
253806	493236	20.371
254052	603365	19.072
254395	492645	20.008
254691	497888	21.033
255117	607594	18.873
255158	608807	18.932
255172	477503	20.378
255299	477952	20.394
255997	495510	19.732
256042	605171	18.788
256415	485086	18.811
256449	463624	18.245
256487	462278	18.552
256533	600524	18.522
256897	607996	18.86
257031	488994	18.149
257118	596743	18.35
258511	495849	19.428
258512	602200	18.659
258546	494292	20.009
259685	489151	22.384
259695	597640	18.398
260657	594562	18.286
261795	479948	18.186
261890	467687	17.976
262025	482723	19.083
263002	479538	19.396
263159	484031	19.936
264188	477776	17.905
264253	593851	17.958
264887	521205	20.506
264936	592350	18.184
265056	495094	20.892
265180	472468	17.696
265529	523995	19.512
266187	474900	17.305
266279	485612	19.097
266409	480188	17.993
266805	477746	17.544
267051	483374	21.711
267270	522804	16.021
267599	520173	17.56
267885	474077	17.099
268940	592821	19.442
268971	486848	17.878
269523	588177	17.937
271112	558766	23.536
271340	558737	23.519
272990	594276	17.969
273140	590386	18.019
273315	586157	17.752
275164	592599	18.494
275709	587520	17.821
276275	584912	21.41
