x	y	tot_dep
-13625	716559	0.206
-12679	703413	0.21688
-12290	700436	0.21973
-12027	695458	0.22441
-11789	720123	0.20569
-11751	690473	0.22917
-11473	685496	0.23455
-11188	680535	0.24036
-10893	724690	0.20377
-10885	675621	0.24614
-10543	670662	0.23903
-10083	665526	0.24522
-9853	719931	0.2078
-8758	723288	0.20685
-8325	702221	0.22237
-8304	672887	0.23893
-8304	677887	0.24655
-8304	682887	0.24091
-8304	687887	0.23555
-8304	692887	0.23056
-8304	697887	0.22616
-8221	667893	0.24479
-8099	727808	0.20505
-7972	662945	0.25075
-7675	654994	0.26052
-7639	657982	0.25699
-7328	732560	0.20288
-6444	737142	0.20142
-4987	726348	0.20916
-4038	703250	0.22642
-3974	660387	0.25892
-3974	665387	0.25297
-3974	670387	0.2469
-3974	675387	0.25477
-3974	680387	0.24896
-3974	685387	0.2431
-3974	690387	0.23804
-3974	695387	0.23322
-3974	700387	0.22891
-3974	730387	0.20791
-3974	735387	0.20486
-3947	656007	0.26445
-3716	740305	0.20236
-3117	745178	0.20032
-2454	749971	0.19844
-1693	754909	0.19664
-1291	729422	0.21139
41	733157	0.21063
331	702076	0.23283
356	657887	0.26799
356	662887	0.26136
356	667887	0.25541
356	672887	0.24978
356	677887	0.25739
356	682887	0.25142
356	687887	0.24589
356	692887	0.24094
356	697887	0.23628
356	737887	0.20808
356	742887	0.20524
356	747887	0.20246
357	752887	0.19988
431	654767	0.27227
731	757769	0.1976
1369	762644	0.19542
1739	393617	0.71833
1788	395449	0.72125
2050	767368	0.19382
2957	772655	0.19181
3854	736202	0.21309
4610	703102	0.23762
4686	660387	0.27063
4686	665387	0.26447
4686	670387	0.25856
4686	675387	0.26633
4686	680387	0.26014
4686	685387	0.25438
4686	690387	0.24922
4686	695387	0.24454
4686	700387	0.23991
4686	740387	0.21144
4686	745387	0.20863
4686	750387	0.20572
4686	755387	0.20278
4686	760387	0.20015
4686	765387	0.19731
4703	655817	0.27707
4736	770381	0.19462
4829	395187	0.74683
5229	775224	0.19265
5252	391155	0.74412
5898	780094	0.1908
6076	398315	0.76046
6587	784792	0.18903
7490	739197	0.21535
8258	397105	0.77943
8836	743046	0.21463
8982	701934	0.24449
9017	392887	0.78075
9017	657887	0.28064
9017	662887	0.27406
9017	667887	0.26775
9017	672887	0.26164
9017	677887	0.26958
9017	682887	0.26363
9017	687887	0.25841
9017	692887	0.25316
9017	697887	0.24825
9017	747887	0.21185
9017	752887	0.2087
9017	757887	0.20573
9017	762887	0.20289
9017	767887	0.20017
9017	772887	0.19736
9017	777887	0.19462
9017	782887	0.19209
9083	654534	0.2854
9181	787844	0.18982
9439	388410	0.77889
9753	792686	0.18802
9920	398644	0.79735
10368	401463	0.79664
10446	797499	0.18612
11165	383841	0.79002
11196	802308	0.1843
12671	746041	0.21702
13114	394093	0.81768
13175	702963	0.24989
13347	385387	0.81968
13347	390387	0.81546
13347	400387	0.82586
13347	660387	0.28437
13347	665387	0.27759
13347	670387	0.2714
13347	675387	0.2797
13347	680387	0.2738
13347	685387	0.26796
13347	690387	0.26245
13347	695387	0.25748
13347	700387	0.25242
13347	750387	0.21486
13347	755387	0.2118
13347	760387	0.20873
13347	765387	0.20583
13347	770387	0.20303
13347	775387	0.19997
13347	780387	0.19718
13347	785387	0.19456
13347	790387	0.192
13347	795387	0.18955
13347	800387	0.18691
13357	655652	0.2908
13505	396267	0.82444
13650	381070	0.83011
13690	805277	0.18474
14115	377876	1.09183
14230	404300	0.84025
14334	810143	0.18234
14673	377099	1.10231
14704	378110	0.86352
14841	375339	1.34181
15028	377977	1.32429
15028	814864	0.18055
15206	379836	0.85504
15584	383578	0.86161
15953	820155	0.17857
16337	749049	0.21917
16397	388266	0.86188
17107	392827	0.86691
17180	657902	0.29443
17245	662902	0.28769
17257	654361	0.29964
17309	667900	0.28129
17369	672897	0.27556
17424	677894	0.28391
17475	379724	1.13662
17481	682893	0.27806
17538	687890	0.27222
17586	692888	0.26694
17612	701776	0.25778
17621	752950	0.21794
17625	697887	0.2619
17675	397888	0.87779
17677	395108	0.87821
17677	402887	0.87772
17677	757887	0.21489
17677	762887	0.21168
17677	767887	0.20854
17677	772887	0.20556
17677	777887	0.20264
17677	782887	0.1998
17677	787887	0.19697
17677	792887	0.19432
17677	797887	0.19156
17677	802887	0.18861
17677	807887	0.18602
17677	812887	0.1835
17726	817881	0.18093
17869	382823	0.90825
18195	407429	0.88762
18231	822719	0.17885
18544	387630	0.90564
18902	827592	0.17696
19186	670392	0.28189
19208	410811	0.90239
19271	675398	0.29058
19331	392307	0.90392
19357	680408	0.2844
19436	394843	1.11977
19470	685422	0.27855
19583	690434	0.2729
19588	832293	0.17515
19696	695445	0.26774
19809	700455	0.26269
20291	393622	1.20312
20530	752740	0.22118
20554	397117	0.96841
21473	755873	0.22022
21503	381457	0.98857
21713	390085	0.96888
21932	400503	0.9419
22007	385387	1.0008
22007	405387	0.93719
22007	760387	0.21785
22007	765387	0.21451
22007	770387	0.21121
22007	775387	0.20815
22007	780387	0.20519
22007	785387	0.20234
22007	790387	0.19932
22007	795387	0.19608
22007	800387	0.19323
22007	805387	0.19056
22007	810387	0.18798
22007	815387	0.18536
22007	820387	0.18279
22007	825387	0.18023
22007	830387	0.17771
22028	410359	0.93936
22365	834942	0.17564
23239	372035	2.60987
23263	414250	0.95903
24197	399263	1.90365
24359	372144	1.71787
25090	400050	1.19567
25205	758919	0.22207
25331	386908	1.13938
25702	399767	2.04759
26268	403006	1.01433
26335	762890	0.22056
26337	407887	1.0044
26337	412887	1.00228
26337	767887	0.21728
26337	772887	0.21392
26337	777887	0.21074
26337	782887	0.20759
26337	787887	0.20404
26337	792887	0.20106
26337	797887	0.19826
26337	802887	0.19535
26337	807887	0.19259
26337	812887	0.18985
26337	817887	0.18717
26337	822887	0.18452
26337	827887	0.1819
26337	832887	0.17931
26403	383195	1.19102
26530	837631	0.17699
26979	417269	1.01323
27504	400902	2.02124
27713	840657	0.17626
29063	762192	0.22394
30101	401277	1.90238
30274	765728	0.22272
30638	384134	1.38639
30667	405387	1.08639
30667	410387	1.0741
30667	415387	1.07314
30667	770387	0.21986
30667	775387	0.21661
30667	780387	0.21273
30667	785387	0.20936
30667	790387	0.20624
30667	795387	0.20322
30667	800387	0.20028
30667	805387	0.19736
30667	810387	0.19456
30667	815387	0.19172
30667	820387	0.18891
30667	825387	0.1862
30667	830387	0.18343
30667	835387	0.18079
30742	840276	0.17823
30833	420218	1.07546
30899	380739	1.18065
30905	402310	1.16751
31961	843490	0.17743
32080	423626	1.09568
33117	401230	1.3487
33166	399584	1.44214
33229	400389	1.26687
33848	400874	1.23194
34068	768787	0.22445
34608	403458	1.17977
34743	386048	1.98609
34870	412876	1.14633
34997	382887	1.22769
34997	407887	1.15971
34997	417887	1.14984
34997	772887	0.22193
34997	777887	0.21836
34997	782887	0.21496
34997	787887	0.21157
34997	792887	0.20836
34997	797887	0.20529
34997	802887	0.20226
34997	807887	0.19933
34997	812887	0.19645
34997	817887	0.19352
34997	822887	0.1906
34997	827887	0.1877
34997	832887	0.18492
34997	837887	0.1822
35000	422883	1.14836
35010	842866	0.17962
35182	378670	1.15352
35388	398253	1.34757
36074	426389	1.16804
36196	846311	0.17856
37072	394212	1.53658
37326	403144	1.2401
37332	413092	1.85344
37718	771805	0.22553
37759	406681	1.34125
37821	384020	1.38408
38142	409556	1.22332
38177	416755	1.69233
38643	411983	3.2565
38704	395155	2.37934
39072	775606	0.22388
39233	380192	1.20533
39327	420387	1.23899
39327	425387	1.23801
39327	780387	0.22067
39327	785387	0.21723
39327	790387	0.21383
39327	795387	0.21053
39327	800387	0.20742
39327	805387	0.20424
39327	810387	0.20109
39327	815387	0.19805
39327	820387	0.19509
39327	825387	0.19213
39327	830387	0.18918
39327	835387	0.18643
39327	840387	0.18373
39327	845387	0.18113
39518	415071	2.03057
39598	402332	1.2784
39671	376182	1.17325
39917	404948	1.27322
40251	428925	1.25291
40323	849023	0.17984
40767	409513	1.2797
41136	413404	3.02867
42569	380976	1.27066
42891	417355	2.36155
42896	778633	0.22544
43374	396621	1.63104
43502	403691	1.34662
43539	419125	1.35055
43555	377751	1.2381
43658	407887	1.34814
43658	422887	1.34149
43658	427887	1.33458
43658	782887	0.22303
43658	787887	0.2194
43658	792887	0.21585
43658	797887	0.21253
43658	802887	0.20937
43658	807887	0.20605
43658	812887	0.20283
43658	817887	0.19975
43658	822887	0.19675
43658	827887	0.19376
43658	832887	0.19078
43658	837887	0.18799
43658	842887	0.18528
43658	847887	0.18265
44055	374730	1.31022
44505	411774	1.36683
44544	432149	1.34803
44982	360715	1.8285
45019	359734	1.70797
45274	360316	1.76154
46539	781629	0.22659
46661	417879	2.29802
46725	417934	2.29945
47228	849425	0.18405
47368	420980	1.44098
47511	413408	1.802
47683	396545	1.77422
47726	425409	1.44327
47840	410197	1.45221
47864	785502	0.22498
47982	375478	1.37432
47988	405388	1.45556
47988	430387	1.44442
47988	790387	0.22147
47988	795387	0.21786
47988	800387	0.21442
47988	805387	0.21116
47988	810387	0.20791
47988	815387	0.20461
47988	820387	0.20142
47988	825387	0.19842
47988	830387	0.19548
47988	835387	0.19251
47988	840387	0.18957
47988	845387	0.18673
48146	435275	1.43647
48359	378712	1.32931
48815	417836	2.51156
49091	419267	2.22546
49320	402034	1.64573
49353	439160	1.46571
49786	422909	1.53896
49808	425182	1.9968
49918	396260	1.96228
51003	374883	2.11668
51059	407374	2.06299
51226	846610	0.18824
51374	424331	2.33789
51705	788468	0.22625
52066	428656	1.57077
52318	402887	1.54071
52318	432887	1.57381
52318	437887	1.5681
52318	792887	0.22362
52318	797887	0.21993
52318	802887	0.21641
52318	807887	0.21307
52318	812887	0.20976
52318	817887	0.20648
52318	822887	0.20317
52318	827887	0.19998
52318	832887	0.19695
52318	837887	0.19402
52318	842887	0.19115
52341	377863	1.35357
52554	426737	2.55457
52634	418750	1.61506
52658	422258	1.62338
52679	397983	1.53733
53068	442005	1.59078
53467	385546	2.2154
53606	382504	1.43179
54315	393461	2.76882
54679	428048	1.73373
54962	392252	2.68667
55153	376872	1.74717
55254	843713	0.19254
55397	791491	0.22731
55648	427423	2.40529
55997	440192	1.72154
56071	404117	2.70468
56314	380874	1.63804
56393	400383	1.60327
56472	384645	1.49831
56496	430888	1.73886
56555	840267	0.19545
56625	795417	0.22555
56642	428230	2.54369
56648	420387	1.7557
56648	435386	1.74736
56648	800387	0.22198
56648	805387	0.21843
56648	810387	0.21488
56648	815387	0.21143
56648	820387	0.20816
56648	825387	0.20491
56648	830387	0.20166
56648	835387	0.19851
56708	395801	1.60336
56786	423861	1.76552
56863	444977	1.76121
57321	428995	2.82762
57618	416540	2.16165
57915	373180	2.01521
58575	389601	2.28185
59083	410747	2.69718
59445	795001	0.22833
59491	373286	2.02532
59544	840535	0.19751
59975	389592	2.27395
60007	390720	2.33831
60038	427966	3.28481
60097	422295	2.74146
60112	378875	2.08632
60167	445885	2.05072
60188	397044	1.74536
60196	428948	2.41838
60406	382196	1.4681
60506	798306	0.2269
60588	432729	1.93861
60642	837506	0.20021
60719	403397	1.70702
60846	417851	1.91068
60978	802887	0.22388
60978	807887	0.22034
60978	812887	0.21674
60978	817887	0.21317
60978	822887	0.20981
60978	827887	0.20655
60978	832887	0.20331
61068	436730	1.99782
61180	445253	2.08387
61367	413229	1.84863
61378	393467	1.63041
61907	378441	1.43712
61944	429192	2.01058
61952	406509	2.64195
62282	426981	3.24163
62345	425093	2.94343
62495	434882	4.8131
62544	433641	4.6308
62558	445203	2.18029
62989	437818	2.2193
63002	435322	4.6891
63109	388494	1.652
63304	436731	3.97353
63357	430138	2.33542
64270	801364	0.22778
64290	430333	3.93088
64332	436276	5.4249
64416	428368	2.44836
64547	429921	3.76483
64731	834660	0.20476
64784	413875	1.97174
64953	379422	1.48019
65024	393910	1.86848
65240	404958	1.8316
65308	805387	0.22575
65308	810387	0.22211
65308	815387	0.21844
65308	820387	0.21489
65308	825387	0.21149
65308	830387	0.2081
65311	390386	1.63554
65331	411491	1.96752
65394	425966	2.22539
65581	438099	2.6794
65714	427764	2.61965
65777	376104	1.43974
65993	386153	1.59342
66808	402366	2.545
66809	409312	1.96341
67625	445239	3.81027
67990	804469	0.22871
68496	412215	2.05184
68747	410432	2.465
68789	831823	0.20981
69013	392088	1.71058
69184	408269	2.04093
69306	808172	0.22718
69323	426061	3.37251
69366	447428	3.86518
69395	384360	1.62817
69404	402725	2.00192
69638	387887	1.67802
69638	812887	0.22388
69638	817887	0.22025
69638	822887	0.21664
69638	827887	0.21319
69658	373572	1.58612
69692	377614	1.50572
70003	423619	2.43942
70368	444060	4.58274
70582	410897	2.08939
71270	408726	2.3205
71272	391732	2.07375
72002	406232	2.25383
72193	372745	2.3947
72270	443570	5.49427
72655	389263	1.78411
72752	829018	0.21466
72833	385642	1.73528
73023	372530	2.38448
73115	811221	0.22808
73122	379046	1.97011
73191	375793	1.6318
73352	451576	6.48395
73374	409303	2.43048
73513	373437	2.379
73546	423866	2.63583
73901	390787	1.87842
73959	825372	0.21825
73968	815387	0.22571
73968	820387	0.22192
74192	406120	2.06202
74370	387115	1.90919
74386	453366	5.96119
74505	421002	2.56701
75232	388714	1.92217
75648	385863	2.29827
76009	454863	10.483
76633	422270	3.60987
76751	814219	0.22886
76870	454736	13.2423
76892	826003	0.22014
77316	386850	1.9867
77317	456124	13.5905
77450	405080	3.37696
77564	423488	4.41699
77572	384642	2.75502
77889	604879	0.62097
78102	818059	0.22707
78135	822696	0.22352
78263	407073	2.24345
78364	417802	3.43504
78848	607888	0.61367
78888	612877	0.59306
78925	617877	0.57347
78962	622877	0.55589
78998	627877	0.53725
79035	632877	0.51952
79072	637876	0.50381
79109	642876	0.48917
79321	415037	2.51258
79422	646729	0.47913
79823	385182	3.55282
80174	459217	12.2895
80224	386935	4.5808
81416	607184	0.62976
81430	820584	0.22777
81712	418342	3.51611
81956	389204	5.4111
82009	407225	2.27853
82069	380169	4.07179
82596	610440	0.62125
82606	460578	12.4375
82629	415451	2.71291
82629	615387	0.60003
82629	620387	0.58002
82629	625387	0.56062
82629	630387	0.5421
82629	635387	0.52496
82629	640387	0.50907
82629	645387	0.49341
82824	386021	5.2139
82936	412969	4.04552
83035	380362	3.74572
83368	649297	0.48459
83539	375887	3.44532
83621	409942	3.18678
83756	429761	7.47375
84065	380454	3.8228
84284	464199	6.69315
84771	376904	4.0225
85086	381485	4.1693
85096	387263	4.7156
85119	382501	3.38974
85172	374573	3.4765
85297	409278	2.6753
85515	411854	2.54706
85651	463642	7.5484
85671	609912	0.63924
85722	414179	2.66246
85749	416067	3.57337
86249	377843	4.0935
86826	466610	6.2254
86872	613020	0.63074
86959	617887	0.60904
86959	622887	0.5891
86959	627887	0.5688
86959	632887	0.55013
86959	637887	0.5327
86959	642887	0.51595
86959	647887	0.50023
87227	375381	3.1838
87241	428475	7.0396
87576	651972	0.48998
87989	470022	5.21818
88001	413658	2.71017
88422	375411	3.4115
88620	471247	5.86706
89026	471234	8.03
89926	612641	0.64688
90514	428198	8.27013
90925	413629	2.7943
91120	615628	0.63817
91248	427474	6.60059
91289	620387	0.61855
91289	625387	0.5971
91289	630387	0.57656
91289	635387	0.55687
91289	640387	0.53932
91289	645387	0.5223
91289	650387	0.50622
91542	414394	3.8553
91600	476170	5.4837
91791	654648	0.4947
91893	411815	3.32033
93125	479472	5.0396
93408	420452	5.45519
94181	615369	0.65419
94947	479328	5.7846
95085	421220	5.07826
95279	427268	6.86102
95354	618263	0.64653
95419	412093	3.23064
95619	622887	0.62653
95619	627887	0.6042
95619	632887	0.58271
95619	637887	0.56322
95619	642887	0.54525
95619	647887	0.52796
95619	652887	0.51165
95624	418795	4.83506
95963	413478	5.0442
96009	657325	0.49897
96057	482684	5.0135
96680	486288	5.2576
96950	413441	5.2321
97304	519001	1.90429
97429	458809	6.72665
98163	458872	6.42355
98281	481759	6.4104
98345	522746	1.82472
98362	492736	4.2556
98459	532892	1.55975
99106	414063	4.70543
99225	485249	9.8524
99413	412418	3.08145
99591	620913	0.65342
99843	490439	5.8783
99949	625387	0.63327
99949	630387	0.6099
99949	635387	0.58891
99949	640387	0.56923
99949	645387	0.55045
99949	650387	0.53315
99949	655387	0.51586
99995	520553	1.96557
100229	660001	0.50157
100356	535342	1.54851
100400	494650	5.6386
100439	530468	1.66844
100457	525309	1.82101
100615	413726	3.05631
100682	540289	1.45139
100955	545306	1.37237
101169	550305	1.29768
101225	501542	6.3521
101388	662904	0.49569
101466	555040	1.22709
101554	487860	10.772
101918	504914	3.60749
102152	559866	1.15724
102503	414087	3.12963
102522	493475	10.0523
102557	510269	3.10677
102818	519199	2.16718
102907	496015	10.0379
103025	523031	2.01248
103196	503706	7.8074
103379	528040	1.83134
103734	507851	5.1337
103828	623564	0.6581
103904	512288	3.947
104026	532994	1.70281
104151	432664	5.95211
104279	537887	1.58302
104279	542887	1.4809
104279	547887	1.40465
104279	552887	1.32318
104279	557887	1.22336
104279	627887	0.63863
104279	632887	0.6156
104279	637887	0.59451
104279	642887	0.57456
104279	647887	0.55496
104279	652887	0.53722
104279	657887	0.51979
104444	662657	0.5048
104539	414741	3.20502
104589	562803	1.14627
104606	517913	3.5169
105028	520910	4.2474
105181	567613	1.08409
105194	526002	3.2282
105243	416985	6.7808
105371	523189	3.7041
105638	665679	0.49889
105704	528398	2.35987
106072	571964	1.04033
106529	532697	2.8181
106571	529678	2.32197
106702	535992	1.70394
106772	532166	2.8238
107051	524382	5.5985
107072	534120	3.1164
107102	520779	6.3046
107386	540689	1.59601
107596	522280	6.8529
107909	545474	1.53246
108051	560434	1.23922
108062	626215	0.66248
108104	536292	2.7789
108126	550463	1.51409
108207	555358	1.37315
108317	538176	2.763
108509	565418	1.16076
108514	416137	3.92632
108609	570387	1.08592
108609	630387	0.64403
108609	635387	0.62121
108609	640387	0.59957
108609	645387	0.57904
108609	650387	0.55975
108609	655387	0.54092
108609	660387	0.52392
108681	665278	0.50856
109144	575055	1.03329
109153	540823	2.2622
109697	545207	1.88143
109888	668455	0.50196
109990	419247	5.3192
110072	562904	2.2716
110090	547896	2.3635
110109	552879	1.95386
110137	557508	1.7928
110250	552295	2.08312
110267	550144	3.0838
110305	560246	1.65993
110385	579206	0.99847
110529	555403	1.50992
110723	424542	7.2522
110860	564684	1.4467
111028	563305	3.1252
111052	551551	3.8452
111403	450514	4.72973
111591	557873	1.77955
111723	568621	1.15141
111914	563776	3.1486
111978	451377	4.39758
112294	628865	0.66652
112410	433259	5.18278
112664	459381	5.11921
112822	554121	1.89334
112863	566350	2.2132
112871	422822	4.04237
112871	572945	1.09186
112901	417979	4.3215
112940	577887	1.03151
112940	632887	0.64894
112940	637887	0.62574
112940	642887	0.60435
112940	647887	0.58303
112940	652887	0.56334
112940	657887	0.54522
112940	662887	0.52818
112957	667858	0.51201
113112	448685	5.9308
113128	568037	2.2898
113284	556653	1.61242
113476	414582	4.09798
113620	497619	7.3174
113701	495024	6.8825
113701	582284	0.99144
113729	500507	6.4355
114138	671230	0.50477
114198	461869	6.08912
114308	425422	6.2061
114655	396429	8.2015
114748	571340	1.31186
114768	495255	8.0147
114844	503519	5.6522
115062	508513	4.25954
115064	499615	7.3329
115182	502975	5.17952
115248	396070	6.1083
115731	548007	2.30212
115788	571234	1.5286
115803	460949	5.9952
116126	567889	1.51626
116246	461884	5.963
116372	510059	4.3071
116441	576072	1.08494
116521	631516	0.66976
116542	566661	1.54915
116947	580478	1.03317
116978	504638	4.72258
117046	499005	6.6892
117094	415650	5.3685
117158	424527	5.1013
117226	418907	5.4212
117235	503616	4.84606
117270	555387	1.56608
117270	635387	0.65341
117270	640387	0.63006
117270	645387	0.60774
117270	650387	0.58696
117270	655387	0.56755
117270	660387	0.5496
117270	665387	0.53204
117270	670387	0.51551
117375	585294	0.98611
117398	550364	1.68505
117466	463654	5.16986
117588	501664	5.6994
117738	574576	1.37866
117926	559377	1.41543
118160	546790	1.68952
118316	673937	0.52872
118655	589137	0.9575
118689	498015	7.2328
118713	497414	6.991
118794	418720	4.8308
118826	509826	4.1496
118968	573222	1.5372
118969	496129	7.2134
118989	416431	5.1591
119025	577681	1.25645
119064	579881	1.05581
119223	463536	6.3461
119450	577379	1.26827
119516	576940	1.5595
119622	509230	4.413
119636	422789	5.0272
119684	563622	1.63416
119734	502720	5.0518
120141	425528	4.7736
120165	418273	5.3498
120402	511535	4.0129
120532	564228	1.55995
120533	497664	6.4732
120625	503139	5.1107
120739	634166	0.6724
121073	421827	5.1205
121117	583670	1.04107
121129	545098	1.70422
121315	496480	6.6219
121598	547890	1.63864
121600	552887	1.54915
121600	557887	1.44627
121600	587887	0.98759
121600	637887	0.65771
121600	642887	0.63356
121600	647887	0.6113
121600	652887	0.59088
121600	657887	0.57155
121600	662887	0.55322
121600	667887	0.53532
121600	672887	0.51845
121646	494847	7.8513
121727	568153	1.52234
121757	578007	1.09677
121907	497604	6.4389
121984	562680	1.3406
122297	581756	1.09478
122352	592041	0.95425
122484	676609	0.53053
122488	439780	5.0268
122850	573285	1.23399
123043	440390	4.9586
123072	567833	1.24853
123384	494472	8.119
123385	473738	6.8412
123876	474537	8.4025
124610	547037	1.67803
124780	586281	1.02744
124941	636817	0.67537
124944	495137	6.6703
125399	417701	4.9133
125541	418173	4.7566
125785	550605	1.58654
125930	555387	1.49614
125930	560387	1.40335
125930	565387	1.30985
125930	570387	1.22886
125930	575387	1.16044
125930	580387	1.09833
125930	590387	0.99328
125930	640387	0.66047
125930	645387	0.63682
125930	650387	0.61516
125930	655387	0.59451
125930	660387	0.57487
125930	665387	0.55576
125930	670387	0.53797
125930	675387	0.54389
126247	441689	5.3075
126341	594874	0.95413
126347	586074	1.378
126630	584440	1.17028
126679	679283	0.53216
127223	410700	4.9989
127543	487185	7.5939
127600	440368	5.6242
127747	505477	5.0576
128119	429678	6.3206
128161	440488	6.147
128186	443022	5.397
128281	438333	5.6304
128531	441406	6.8928
128621	425725	4.8219
129127	639477	0.67604
129161	589560	1.16983
129413	425512	4.3628
129579	389600	5.5409
129761	411032	4.8457
129902	550103	1.62512
130088	588699	1.7312
130114	429884	5.4442
130170	410271	5.1465
130182	506965	4.5703
130210	391340	4.5435
130255	642896	0.66297
130256	552898	1.5531
130258	592891	0.99708
130260	557887	1.46353
130260	562887	1.3792
130260	567887	1.29593
130260	572887	1.22409
130260	577887	1.15853
130260	582887	1.09881
130260	647887	0.63992
130260	652887	0.61808
130260	657887	0.59756
130260	662887	0.57747
130260	667887	0.55849
130260	672887	0.54085
130260	677887	0.54639
130415	419476	5.9743
130480	597576	0.95447
130616	424659	4.4887
130678	586877	1.0598
130887	681959	0.53357
130994	488005	5.02331
131095	504567	4.863
131238	471126	6.7376
131280	516081	3.732
131356	513040	3.01349
131467	484115	5.0898
131557	463966	7.3523
131623	590453	1.24463
131669	600452	0.93425
131738	490952	4.80939
131763	471601	6.7038
131814	467030	5.873
131816	469121	5.4742
131915	508693	3.6803
132023	494768	5.0482
132116	476158	6.1468
132168	431438	5.3626
132283	496611	4.7393
132332	497578	4.642
132430	407169	6.5179
132485	504785	4.7646
132637	548330	2.0714
132660	425165	4.2285
133228	590257	2.3795
133300	551784	1.63305
133335	591997	1.14156
133374	642198	0.67673
133604	495685	4.06781
133661	590285	2.4339
133777	465204	6.7982
133803	431091	6.3715
134192	475358	7.4724
134353	470566	7.6089
134531	595465	0.9984
134549	485782	4.56709
134555	645444	0.66489
134564	555425	1.52857
134567	514838	2.99037
134590	510387	3.07363
134590	560387	1.44228
134590	565387	1.36358
134590	570387	1.28746
134590	575387	1.22014
134590	580387	1.15847
134590	585387	1.10204
134590	650387	0.64191
134590	655387	0.61956
134590	660387	0.59891
134590	665387	0.57956
134590	670387	0.56088
134590	675387	0.56704
134590	680387	0.5482
134630	462370	8.6576
134633	490327	4.34593
134715	406259	8.3863
134753	600111	0.95468
134828	462497	8.5692
134862	505538	3.34997
134909	550051	1.63595
135051	483704	4.7691
135089	408741	7.9883
135101	684635	0.53422
135137	500122	3.74206
135181	386275	4.476
135189	590075	1.4634
135267	545729	1.73078
135315	387917	5.4473
135390	495274	4.1966
135411	465503	7.2198
135603	472499	7.8563
135690	479166	6.9897
135962	477120	7.3273
135969	482738	6.301
135987	602952	0.93531
136033	553190	1.61733
136040	474958	7.6974
136045	593466	1.02953
136239	462839	8.689
136346	434545	6.4343
136401	541198	1.89986
136597	535149	2.2243
136660	432666	6.7357
136774	482758	6.3892
136819	467963	8.2172
136960	530896	3.6193
137188	464254	7.3605
137194	466456	7.3758
137266	477906	8.1091
137433	483556	5.0086
137472	595133	1.01962
137478	554937	1.60132
137628	644926	0.6776
137630	488697	4.9595
137777	436847	5.5973
138092	378968	3.3717
138183	476898	10.3089
138489	598247	0.99403
138519	395379	6.694
138658	558166	1.5045
138701	403836	5.3607
138704	407161	5.7844
138829	648025	0.66635
138914	492898	3.9645
138920	502887	3.3485
138920	507887	3.0865
138920	542887	1.81358
138920	547887	1.70097
138920	562887	1.42768
138920	567887	1.35097
138920	572887	1.28157
138920	577887	1.21766
138920	582887	1.15921
138920	587887	1.10217
138920	652887	0.64325
138920	657887	0.62086
138920	662887	0.6004
138920	667887	0.58091
138920	672887	0.56225
138920	677887	0.5678
138920	682887	0.5496
138931	592870	1.05137
138947	512788	2.8787
138952	537886	1.95275
138955	532903	2.1427
138971	552818	1.60311
138975	497917	3.6297
139087	602560	0.95403
139319	687311	0.53466
139375	529203	2.3198
139610	382224	5.2188
139611	396442	7.532
139818	596255	1.03716
140240	515755	2.8749
140286	556432	1.55888
140331	480398	4.7758
140400	479605	6.3218
140458	390426	3.5598
140490	410654	5.215
140503	390674	3.5701
140732	388367	3.7197
141046	597808	1.4256
141554	402199	4.8023
141883	647655	0.67767
141908	408215	6.0406
141968	406661	5.4365
142172	492198	4.0426
142261	597301	1.4841
142589	480386	5.3901
142598	601484	0.98761
142651	650571	0.66585
142705	561044	1.48049
142722	381788	3.793
142770	655394	0.64364
142800	660394	0.62115
142831	491155	6.0998
142831	665394	0.60069
142861	670394	0.58117
142891	675393	0.58664
142920	680392	0.5674
142948	685391	0.54918
143008	396804	5.5106
143221	531043	2.2003
143224	689923	0.53381
143241	495404	3.6808
143250	500387	3.3561
143250	505387	3.0994
143250	510387	2.8757
143250	535387	2.0533
143250	540387	1.8919
143250	545387	1.7717
143250	550387	1.6716
143250	555387	1.5794
143250	565387	1.41558
143250	570387	1.34356
143250	575387	1.28059
143250	580387	1.21907
143250	585387	1.15813
143250	590387	1.10135
143319	595085	1.05251
143349	515229	2.6984
143488	604903	0.95548
143686	599806	2.0948
143799	410597	5.1599
143842	599001	2.2072
143981	398794	6.1296
144230	559284	1.51598
144376	383964	3.3426
144559	376781	3.4046
144708	672887	0.57544
144748	677889	0.58127
144789	682890	0.56215
144829	687892	0.54421
144869	692795	0.5275
145016	399016	6.4612
145162	519592	2.5658
145359	396588	5.0175
145510	425789	5.3183
145594	598994	1.6186
146048	386785	4.1818
146255	599928	1.3698
146359	494707	3.8859
146492	410863	6.989
146541	395200	5.1628
146733	563922	1.45762
146786	397789	3.9485
147022	383075	3.8401
147413	603568	0.98979
147537	497955	3.3585
147558	426175	5.1961
147581	502887	3.1152
147581	507887	2.8982
147581	512887	2.712
147581	517887	2.5634
147581	532887	2.0999
147581	537887	1.9566
147581	542887	1.8382
147581	547887	1.7334
147581	552887	1.6409
147581	557887	1.557
147581	567887	1.40928
147581	572887	1.34336
147581	577887	1.28206
147581	582887	1.21991
147581	587887	1.15778
147581	592887	1.09658
147651	379380	3.7563
147741	521423	2.5207
147754	597075	1.04922
147844	601391	1.3685
147852	396164	5.0857
147862	607502	0.95557
148066	409776	7.8128
148182	562148	1.4915
148295	424642	4.8167
148489	528408	2.2561
148521	493656	4.5393
148923	495770	3.5938
148968	424681	4.7387
149007	610474	0.93637
149212	601158	1.96
149500	409952	11.3655
149536	477876	4.2008
149802	523028	2.4443
150464	382976	5.7698
150479	382678	5.7549
150508	602873	1.3626
150575	497479	3.4162
150689	478559	5.2206
150812	425734	4.162
151330	601841	1.7275
151362	566568	1.4459
151549	519793	2.4518
151563	563782	1.4891
151594	545552	1.7835
151605	602125	1.7751
151623	476717	4.0851
151744	492305	5.5428
151780	500571	3.1168
151838	560387	1.5388
151876	605494	0.99313
151910	540385	1.8915
151911	505387	2.9295
151911	510387	2.7387
151911	515387	2.5698
151911	530387	2.1426
151911	535387	2.0085
151911	550387	1.6962
151911	555387	1.6136
151911	570387	1.4031
151911	575387	1.35286
151911	580387	1.2869
151911	585387	1.2173
151911	590387	1.15334
151911	595387	1.09379
151960	495310	3.7605
151965	525400	2.2959
152047	610036	0.95456
152101	602954	1.982
152222	366396	2.806
152554	599163	1.09124
152658	603149	1.1894
152691	424621	4.2124
152736	521744	2.4249
152962	441950	5.4849
152988	368540	3.1943
153087	443043	5.7231
153170	498576	4.0888
153325	375133	4.204
153411	565193	1.5523
153885	444359	6.3555
154178	557260	1.5892
154401	560379	1.5496
154495	424793	4.3999
154507	568906	1.6082
154545	566314	1.5691
154556	562232	1.9644
154899	541356	1.8558
154931	493966	4.3199
154966	552789	1.6665
155069	500317	3.2515
155079	562641	2.2858
155105	548138	1.7292
155140	517073	2.509
155278	573004	1.4005
155364	558145	1.5786
155428	497778	3.8194
155690	604785	1.1028
155694	578136	1.3788
155793	428246	5.1235
155836	603311	1.3327
155850	503148	3.0063
155873	500451	3.2621
155939	427935	4.1444
156055	442717	3.9466
156165	507916	2.7979
156182	512848	2.61
156237	537878	1.9342
156241	522887	2.2969
156241	527887	2.1664
156241	532887	2.049
156241	582887	1.2871
156241	587887	1.21485
156241	592887	1.14856
156241	597887	1.09117
156241	607887	0.99385
156323	553219	1.907
156389	444613	5.3498
156508	612130	0.95824
156521	365843	3.4611
156781	364653	3.439
156961	601870	1.05364
156963	518451	2.4216
157169	376662	4.8731
157201	373026	5.3383
157379	472392	5.5243
157810	431444	4.4832
157905	444202	5.3497
158063	445248	6.003
158238	544000	2.2144
158249	514252	2.5679
158529	507093	2.9187
158565	366197	3.0777
158936	581660	1.357
159075	431845	5.5245
159119	510236	2.7058
159293	444537	4.6864
159615	369949	3.7491
159657	472417	5.533
159768	506987	3.8989
160078	606663	1.02808
160316	539349	1.8917
160459	585541	1.2843
160527	444268	4.9361
160571	515387	2.4843
160571	520387	2.3255
160571	525387	2.1956
160571	530387	2.0818
160571	535387	1.9744
160571	590387	1.2107
160571	595387	1.14707
160571	600387	1.09194
160571	610387	0.99265
160664	545945	2.3559
160827	604370	1.2915
160935	614012	0.96185
161055	473827	5.2241
161103	433764	4.2936
161280	605911	1.2319
161294	510462	2.6742
161534	548848	1.8825
161658	377964	6.8361
162037	475155	4.4083
162382	370662	3.8131
162441	375146	4.6921
162660	555197	1.9158
163247	508981	3.1694
163498	585188	1.3891
163548	474541	4.8329
164015	549222	1.7302
164035	606520	1.1429
164071	475253	3.958
164072	372819	6.2322
164282	377323	5.6278
164309	442507	5.6561
164376	375481	5.5463
164385	556693	1.7909
164425	588240	1.2723
164509	374561	4.7016
164525	368398	2.8559
164574	552363	2.0823
164762	537302	1.9328
164832	512988	2.5112
164901	517887	2.3684
164901	522887	2.2652
164901	527887	2.1394
164901	532887	2.0253
164901	592887	1.2067
164901	597887	1.1452
164901	602887	1.0913
164901	612887	0.98933
164928	608428	1.0346
164947	434132	4.2912
165236	477608	4.0291
165236	605930	1.1304
165309	615599	0.96728
166452	485843	3.4592
166457	483233	3.5179
166559	369172	2.988
166814	550624	1.8063
167192	369822	3.8917
167584	481951	4.525
167980	525399	2.1932
168005	520354	2.3959
168173	530602	2.0608
168533	512591	2.7618
168589	591521	1.258
168590	446855	5.9007
168632	607543	1.0644
168768	484996	3.4847
168937	439929	5.3509
168964	605026	1.0927
169042	359796	2.4921
169150	535438	1.9577
169199	434851	4.5097
169231	515387	2.4416
169231	595387	1.2056
169231	600387	1.1421
169231	610387	1.036
169255	614676	0.99385
169774	539322	1.8862
170040	379781	3.6066
170093	377657	4.1498
170543	439854	4.6511
170553	606824	1.8095
170568	553073	2.5016
170684	607942	1.3832
170860	476112	8.3809
170879	551970	2.2759
170904	377271	3.993
170908	360596	2.2584
170989	378939	3.5623
171113	552562	2.2405
171210	364704	3.915
171304	360105	2.8939
171367	470724	8.7215
171554	480025	9.5158
171687	516230	2.8054
171767	455371	8.226
171798	439710	4.4204
171913	358632	3.8289
171918	514144	2.4477
172114	359877	3.0567
172149	380999	4.543
172259	360776	2.8093
172273	378433	3.2902
172370	363263	3.9363
172494	540889	1.8642
172515	538364	1.9066
172846	439474	4.7999
172910	367244	4.5906
173307	607702	1.366
173323	593676	1.2653
173329	378010	3.8178
173444	434251	3.5554
173541	488307	3.2505
173543	472989	8.4999
173556	602547	1.146
173561	597887	1.2039
173561	612887	1.0293
173584	615838	1.0017
173670	609275	1.0838
173785	477750	7.9544
173811	366525	3.8732
174153	456708	6.1977
174217	482126	6.0499
174278	314832	3.3564
174319	441083	6.3071
174344	453315	7.7495
174346	468997	8.5208
174385	512990	2.4536
174471	557098	1.9436
174492	315536	3.7999
174739	367815	4.6633
174873	490542	3.895
175040	555222	2.0374
175085	314470	3.4573
175494	447950	11.5203
175810	442057	8.3449
175820	321998	3.2842
175835	555593	2.0401
175886	433673	4.5214
175972	316183	7.9472
175987	315049	4.5696
176088	308271	1.97041
176135	320862	3.8698
176365	369145	4.0071
176496	367877	2.929
176771	313087	3.0703
176777	442406	9.8724
176822	310888	2.31371
177110	433407	3.9814
177394	433609	3.9781
177493	490533	2.9536
177661	441527	5.0301
177701	513456	2.4208
177718	480552	7.9983
177826	445740	9.369
177845	470217	6.4268
177849	511759	2.5807
177864	614675	1.0313
177871	475314	4.6167
177891	600387	1.2059
177891	610465	1.078
177899	595461	1.2785
177899	608003	1.169
177915	607369	1.4834
177947	454955	9.5932
177953	450402	4.8889
178114	325139	2.8308
178164	604565	1.1508
178300	432694	4.6631
178555	484289	5.1554
178562	465427	7.7602
178689	557167	2.0766
178914	560027	1.7868
179013	330428	2.4203
179050	432659	4.5812
179121	462474	7.7018
179256	592817	1.7882
179958	311003	2.5013
180012	432435	4.3385
180056	324542	3.7212
180309	315106	3.5418
180344	324492	3.7634
180382	316119	4.2473
180416	328477	2.8631
180460	442164	5.5498
180547	320723	5.0248
180551	315701	3.7581
180653	315693	3.6828
180653	594324	1.5981
180822	313207	3.0427
180826	327247	3.3232
181013	333663	3.1054
181644	337631	1.82551
181897	320805	4.7176
181982	493250	3.7251
182084	609281	1.118
182126	432182	4.8301
182147	482884	6.2797
182147	598003	1.2779
182171	448236	8.1359
182196	510330	2.7353
182198	615696	1.0385
182222	602886	1.1985
182222	612887	1.0689
182225	452880	8.3985
182267	561441	2.0323
182272	462948	5.6389
182274	558865	2.2321
182286	317334	3.1436
182325	512339	2.4272
182341	467865	7.4021
182407	607899	1.6643
182544	319850	4.258
182555	477946	6.0534
182556	443734	8.6652
182567	605836	1.2201
182585	316979	3.6009
182619	510730	2.7201
182688	486989	8.0988
182764	510735	2.7186
182873	458090	6.8457
182891	472809	5.023
182949	486628	6.9762
183171	319352	4.5481
183269	315295	2.6859
183279	342515	2.2798
183426	364405	2.7184
183583	365417	2.7412
183756	309048	1.9863
183879	372726	2.842
183903	315463	2.6199
184052	496413	4.0671
184500	309077	1.8716
184539	363923	2.6869
184619	347509	2.2036
184671	496385	4.6201
184979	345623	2.3261
185002	510439	3.0014
185189	371914	2.9408
185328	513548	2.6615
185391	597544	1.6313
185565	430907	5.0247
185621	607286	1.4347
185821	317404	2.7053
185904	374008	2.691
186003	318954	4.8968
186087	319488	4.7327
186157	500076	3.4381
186255	450355	8.842
186269	510675	3.1035
186338	446110	9.1685
186424	600584	1.2541
186468	507397	3.3279
186499	460408	6.464
186500	470405	7.6863
186504	455383	5.5175
186512	608143	1.3645
186525	610727	1.1105
186543	465343	7.1733
186552	475387	7.7845
186603	480319	7.261
186606	485442	7.3276
186626	614703	1.0653
186660	605242	1.1836
186715	510429	3.1714
186818	583148	2.5339
186885	608584	1.3576
186909	390001	3.164
187048	489563	6.918
187065	504290	3.3679
187280	582161	2.4703
187434	505285	3.4012
187536	543253	2.2102
187555	350359	2.1607
187571	328832	4.2923
187664	514454	2.8503
187887	316694	2.6031
188076	383359	2.9545
188139	541053	2.5023
188266	380958	2.947
188467	310143	2.0728
188557	570382	2.168
188688	325136	3.0643
188691	559538	2.197
188852	430023	8.0347
188967	582350	2.3456
189229	608430	1.6559
189624	541187	2.4107
189860	559399	2.003
189960	538664	2.5165
190010	600131	1.3327
190014	468050	9.4889
190185	429820	6.6338
190244	316956	2.7079
190295	482881	6.0724
190393	375307	2.8043
190414	477978	6.2492
190469	326446	3.7481
190602	382314	3.6197
190612	560629	2.1157
190638	472816	8.5584
190760	323706	3.0209
190787	378611	2.8749
190857	462881	8.922
190873	602904	1.2315
190881	609589	1.1699
190882	612887	1.0986
190884	487859	6.9343
190907	514695	2.5709
190917	448448	10.2131
190929	572018	2.1976
191032	457767	8.6064
191049	569680	1.9846
191052	431731	4.9475
191103	308659	1.7396
191137	312584	2.3563
191158	607133	1.1717
191169	616283	1.0617
191215	453058	6.1143
191237	507740	5.6591
191385	492244	6.6251
191453	533218	3.7303
191592	515794	2.3583
191622	507048	5.0388
191751	535836	3.0109
191970	343878	3.0154
192166	417319	5.3269
192560	441260	7.3734
192878	362235	3.8199
192917	379809	2.8384
192928	529301	2.6414
193030	480627	4.3931
193040	475812	4.7729
193050	413640	3.6237
193393	522781	2.7535
193415	464703	8.0303
193484	570055	2.1093
193546	438015	6.8832
193579	413659	3.6011
193596	472371	11.8503
193679	416795	4.4242
193795	439293	5.9233
193812	314596	2.278
194016	323055	4.2025
194122	522603	3.0724
194152	362245	4.2866
194354	530809	2.778
194564	441511	7.9892
194586	502850	3.5918
194699	486826	7.1428
194720	419323	4.2144
194734	362992	4.2082
194758	534030	2.6801
194775	602025	1.2612
194794	504382	3.8039
194809	502882	3.6021
194817	516307	2.3572
194910	309117	2.6391
195012	611150	1.1297
195105	490404	6.6537
195106	504523	3.4574
195124	319490	4.1152
195164	460236	8.1531
195179	321497	10.8449
195212	605387	1.2059
195220	450387	5.0833
195226	615354	1.0828
195237	524923	2.728
195240	455380	6.2418
195246	447144	11.6843
195248	430470	4.2821
195290	427678	4.5426
195433	494477	4.1128
195582	608974	1.1568
195619	307641	2.0741
195658	528188	2.8917
195682	344644	2.7769
195854	436589	4.8309
195946	518418	2.4358
196251	617999	1.0555
196259	525534	2.7267
196488	562981	2.311
196532	562636	2.3106
196611	563207	2.3211
196652	444103	8.1562
196668	408038	4.541
196907	521955	3.3304
196982	444008	7.7634
197012	354592	4.8739
197071	482511	4.1637
197083	532908	2.7813
197102	443622	7.3402
197124	325983	4.6419
197259	531457	3.1145
197272	351259	3.1289
197360	318801	4.8848
197383	517573	2.8513
197396	516522	2.9487
197522	488975	4.4772
197549	435926	4.225
197638	531255	3.1288
197754	395594	5.6047
197978	307669	2.2452
198115	461738	7.6404
198259	326525	4.3146
198289	503471	3.9095
198363	395121	5.6394
198593	396192	5.0747
198615	324971	5.6083
198682	351796	2.7849
198721	526690	2.8624
198755	456811	7.6417
198899	411886	3.9285
198962	562552	2.3221
198967	493310	7.0076
198989	517947	3.0429
199072	444819	4.4368
199088	496742	6.9926
199113	448826	6.8179
199149	436297	4.3459
199281	502059	5.3991
199299	407011	5.1301
199351	561734	2.2722
199421	361620	2.7343
199451	432786	3.7873
199474	522904	2.6235
199498	613056	1.1159
199505	603630	1.2391
199538	452881	8.2348
199540	435766	4.7268
199542	607887	1.1908
199715	617340	1.0687
199749	516452	3.3897
199817	360285	3.2361
199880	435146	4.6426
199930	560227	2.4018
200108	610713	1.144
200163	347167	2.3834
200182	519254	3.2753
200317	526265	2.8645
200672	525249	2.7042
200735	446413	4.1978
200781	403901	4.2275
201410	495101	5.6478
201505	499042	4.8195
201823	516140	3.172
201844	513534	3.2938
201991	487271	3.8365
202060	454394	4.7264
202183	450792	7.898
202189	514442	3.1694
202301	360397	4.17
202360	499057	4.8235
202501	403856	4.6272
202557	525411	2.9702
202887	496069	4.1829
202947	447331	4.6606
203043	529603	2.6494
203061	431689	2.8046
203081	434445	3.865
203135	486937	3.6348
203194	435288	3.9622
203276	521058	3.8513
203402	485248	3.3884
203414	431260	2.7704
203460	612320	1.1303
203502	509882	3.6425
203506	350638	2.4424
203526	609865	1.1602
203598	525633	2.7613
203617	495763	3.7127
203670	602405	1.276
203702	480221	3.8214
203726	446590	4.2996
203839	400097	3.0757
203843	353951	3.0297
203872	605387	1.2156
203872	615387	1.0961
203922	479838	3.6933
203997	529890	2.6554
204049	518395	3.026
204075	619476	1.0533
204212	506825	4.6535
204249	515605	3.2673
204406	522876	3.1819
204684	457349	5.0421
204691	460312	4.2496
204879	449451	4.2103
205085	476513	5.2909
205153	489193	4.2653
205304	396538	4.1423
205312	610687	1.6331
205455	490454	3.477
205595	351558	3.3791
205739	601344	1.603
205774	492638	3.5343
205953	564208	2.462
205989	595829	1.6915
206037	522698	3.1287
206197	491679	3.6359
206255	458936	4.228
206321	504745	6.4063
206360	453084	4.1016
206446	432690	3.4229
206509	505939	4.5557
206560	609860	1.3285
206572	505050	5.1701
206712	460640	4.861
206874	449113	3.9725
206891	396415	4.3063
206933	563814	2.4065
207325	429177	3.2938
207347	504313	4.7329
207448	352911	2.5273
207518	453663	3.8577
207850	601687	1.3351
207910	611898	1.9401
208122	613903	1.1256
208125	472202	6.2562
208126	604074	1.2418
208170	355760	2.2278
208202	617887	1.0729
208213	620675	1.0454
208221	607727	1.1888
208357	597799	1.3464
208656	594240	1.9123
208858	467701	3.7949
208902	467049	3.8188
208966	470669	4.3057
208990	393260	3.8188
209290	457605	4.0877
209567	611908	1.3937
209654	462378	5.2175
209750	542955	3.508
209762	464877	4.0811
209766	470183	4.0355
209936	465359	4.1115
209961	470125	4.0297
210065	386397	3.8202
210196	383537	4.412
210316	465485	4.4961
210441	458477	4.1943
210477	459770	6.1967
210554	391516	2.7487
210761	611823	1.3068
210919	456337	3.7346
210972	393510	2.5762
211113	599517	2.0336
211170	458397	4.4728
211338	385363	3.4584
211382	457175	3.7039
211400	612909	1.4323
211769	612877	1.433
211992	595519	1.612
212268	382686	2.6533
212526	615413	1.1021
212536	619589	1.0547
212543	610378	1.1742
212545	605547	1.224
212692	545460	3.5736
212826	535319	3.4822
212841	548102	2.7172
213284	553010	2.5821
213295	542577	2.5515
213350	612955	1.2513
213794	532381	3.3136
214203	551108	2.9413
214338	566533	2.6763
214346	533091	3.2489
215189	594695	1.8287
215311	537037	3.136
215339	550870	3.1443
215613	567170	2.6835
216531	614311	1.1306
216863	607887	1.1966
216863	617887	1.0767
216873	603456	1.2596
216885	620705	1.0492
216994	547887	3.3899
217007	543744	4.493
217038	612133	1.1466
217044	551160	3.9547
218046	548231	4.1291
218503	486761	4.3002
219204	537024	2.8686
219358	486352	3.8343
219580	557796	2.3811
219772	542517	4.2907
219846	602799	1.6397
219978	549305	3.2357
220025	545573	4.3162
220151	548571	2.7274
220335	616552	1.0986
221134	605547	1.2399
221183	619620	1.0681
221193	610387	1.1739
221626	535339	2.5948
221670	614739	1.1296
221863	559287	2.3996
222139	482575	5.204
222319	532702	2.6626
222396	556652	2.3286
222538	542864	2.6328
222801	544182	2.5274
222853	484367	3.9935
223056	496679	3.2816
223330	499286	4.1448
223452	576433	2.4784
223641	544005	2.7089
224039	545651	2.6045
224262	554939	2.668
224537	620539	1.0642
224791	480094	4.9063
224815	534393	2.4346
224840	498564	3.3709
225011	483331	4.6847
225055	486047	4.5238
225166	604767	1.497
225188	557956	2.4278
225319	619247	1.0788
225523	607887	1.2201
225523	612887	1.1521
225634	617104	1.1035
225684	537458	3.7219
225684	577660	2.0979
226394	563876	2.9573
227018	502545	5.311
227055	535471	2.5255
227687	559312	2.51
227828	484352	4.2467
228079	539169	3.0576
228503	577188	2.8526
228611	578822	2.9052
229336	501040	5.081
229428	459240	3.4427
229561	504293	3.8508
229781	606236	1.2677
229801	552337	2.6971
229853	610387	1.1989
229853	615387	1.1313
229973	619396	1.0853
230088	618021	1.1008
230544	553805	2.8904
230670	476396	3.369
231094	487338	3.638
231123	488262	3.4462
231924	553915	3.1479
232330	477329	4.3849
232361	488259	3.2679
232709	505483	4.647
232811	502875	4.881
232811	605358	1.4637
233216	620494	1.0772
233456	619407	1.0893
234113	608048	1.2509
234183	612887	1.1718
234387	617362	1.2425
234562	552213	2.6372
235585	532489	2.4898
235770	619996	1.084
236664	557719	4.0335
237105	536712	2.5905
237202	532535	2.6048
237225	556138	3.2571
237225	618610	1.1001
237400	607610	1.531
237765	534032	2.7382
238162	615168	1.143
238400	619703	1.0863
238484	610444	1.2136
238486	552143	2.6286
238637	578116	3.2196
238768	569783	2.7087
239316	560256	2.7369
239619	576540	2.8244
239905	565308	3.2386
240143	616403	1.1245
240836	544754	2.3916
241086	445188	2.9548
241146	500144	3.2318
241180	497911	2.9459
241249	543858	3.0175
241528	563180	3.4155
241969	545744	3.1397
242037	576251	2.2437
242084	498279	2.8817
242089	565597	3.4206
242170	558051	2.5426
242186	500799	2.8967
242221	444673	3.4545
242258	617014	1.1148
242300	611993	1.1841
242343	445755	3.8155
242364	572807	1.8884
242474	570256	2.0948
242528	609785	1.3288
243465	613909	1.1534
243607	554520	2.4306
244375	555245	3.7331
244568	439851	2.7747
245184	440020	2.8984
246425	614341	1.1439
246937	610137	1.2045
247694	611695	1.178
248375	436397	2.3128
249071	460509	3.1471
250268	611707	1.1694
250325	553779	2.3206
250656	460104	2.5809
250939	463058	3.2448
251003	442645	2.4079
251952	608802	1.364
252276	609474	1.1952
252510	465491	3.6438
252908	496934	2.6962
253806	493236	3.3642
254052	603365	1.2976
254395	492645	3.1773
254691	497888	3.4016
255117	607594	1.2027
255158	608807	1.1856
255172	477503	5.614
255299	477952	5.4961
255997	495510	2.8904
256042	605171	1.2343
256415	485086	3.3672
256449	463624	3.1062
256487	462278	3.0638
256533	600524	1.3249
256897	607996	1.1868
257031	488994	2.8248
257118	596743	1.5728
258511	495849	2.7688
258512	602200	1.2728
258546	494292	3.121
259685	489151	4.1122
259695	597640	1.3928
260657	594562	1.4198
261795	479948	3.841
261890	467687	3.045
262025	482723	3.8039
263002	479538	3.7342
263159	484031	3.5824
264188	477776	3.5595
264253	593851	1.3064
264887	521205	2.292
264936	592350	1.313
265056	495094	3.1096
265180	472468	2.8265
265529	523995	2.0902
266187	474900	3.0008
266279	485612	2.9342
266409	480188	2.8036
266805	477746	2.7831
267051	483374	3.7886
267270	522804	1.6073
267599	520173	1.7899
267885	474077	2.6464
268940	592821	1.3159
268971	486848	2.3798
269523	588177	1.2664
271112	558766	1.9931
271340	558737	1.9883
272990	594276	1.1753
273140	590386	1.2075
273315	586157	1.231
275164	592599	1.1992
275709	587520	1.1967
276275	584912	1.4349
